sku,status,folder,all_tags
AP-006,web_ready,Audemars Piguet/Royal Oak/Royal Oak Blue Tapisserie Dial Steel Octagonal Bezel Integrated Bracelet,Audemars Piguet;Royal Oak;Men;Blue;Stainless Steel;Bracelet;Steel;Octagonal Bezel;Large (41-43mm)
AP-007,web_ready,Audemars Piguet/Royal Oak/Royal Oak Chronograph Blue Dial Steel Sapphire Set Bezel Bracelet,Audemars Piguet;Royal Oak;Men;Blue;Stainless Steel;Bracelet;Steel;Chronograph;Large (41-43mm)
AP-013,web_ready,Audemars Piguet/Royal Oak/Royal Oak Yellow Gold Skeleton Caseback,Audemars Piguet;Royal Oak;Men;Yellow Gold;Bracelet;Octagonal Bezel;Skeleton;Large (41-43mm)
IWC-006,web_ready,IWC/Pilot's Watch/Pilot's Watch Automatic Blue Ceramic Blue Dial Textile Strap,IWC;Pilot's Watch;Men;Blue;Ceramic;Strap;Fabric;Ceramic Bezel;Large (41-43mm)
OMG-013,web_ready,Omega/Seamaster Aqua Terra/Seamaster Aqua Terra Steel Bracelet Clasp Logo Detail,Omega;Seamaster Aqua Terra;Men;Stainless Steel;Bracelet;Steel;Smooth Bezel;Diver/Sport;Large (41-43mm)
OMG-015,web_ready,Omega/Seamaster Aqua Terra/Seamaster Aqua Terra Worldtimer Blue Dial Steel Blue Rubber Strap,Omega;Seamaster Aqua Terra;Men;Blue;Stainless Steel;Strap;Rubber;Smooth Bezel;GMT/World Time;Diver/Sport;Large (41-43mm)
OMG-016,web_ready,Omega/Seamaster Aqua Terra/Seamaster Aqua Terra Worldtimer Blue Dial Steel Bracelet,Omega;Seamaster Aqua Terra;Men;Blue;Stainless Steel;Bracelet;Steel;Smooth Bezel;GMT/World Time;Diver/Sport;Large (41-43mm)
OMG-022,web_ready,Omega/Speedmaster/Speedmaster Professional Moonwatch Black Dial Steel Black Bezel,Omega;Speedmaster;Men;Black;Stainless Steel;Bracelet;Steel;Tachymeter Bezel;Chronograph;Large (41-43mm)
PP-002,web_ready,Patek Philippe/Calatrava/Calatrava Black Dial Steel Black Strap,Patek Philippe;Calatrava;Men;Black;Stainless Steel;Strap;Leather;Smooth Bezel;Standard (37-40mm)
PP-013,web_ready,Patek Philippe/Nautilus/Nautilus Chronograph Blue Dial Steel Denim Strap,Patek Philippe;Nautilus;Men;Blue;Stainless Steel;Strap;Fabric;Chronograph;Large (41-43mm)
RM-002,web_ready,Richard Mille/RM 035/RM 035 Americas Skeleton Dial Rose Gold Black Rubber Strap,Richard Mille;RM 035;Men;Rose Gold;Strap;Rubber;Skeleton;Oversized (44mm+)
RM-010,web_ready,Richard Mille/RM 055/RM 055 Bubba Watson Black Ceramic Case Skeleton Dial Red Crown Black Strap,Richard Mille;RM 055;Men;Ceramic;Strap;Rubber;Ceramic Bezel;Skeleton;Oversized (44mm+)
RM-011,web_ready,Richard Mille/RM 055/RM 055 Bubba Watson Black Ceramic Skeleton Dial Black Rubber Strap,Richard Mille;RM 055;Men;Ceramic;Strap;Rubber;Ceramic Bezel;Skeleton;Oversized (44mm+)
RM-015,web_ready,Richard Mille/RM 055/RM 055 Skeleton Black Ceramic Rose Gold Accents Black Rubber Strap,Richard Mille;RM 055;Men;Ceramic;Strap;Rubber;Ceramic Bezel;Skeleton;Oversized (44mm+)
RM-020,web_ready,Richard Mille/RM 11-03/RM 11-03 Mclaren Flyback Chronograph Carbon Titanium Black Rubber Strap,Richard Mille;RM 11-03;Men;Titanium;Carbon;Strap;Rubber;Chronograph;Oversized (44mm+)
RM-021,web_ready,Richard Mille/RM 21-02/RM 21-02 Tourbillon Aerodyne Green Carbon Skeleton Dial White Rubber Strap,Richard Mille;RM 21-02;Men;Carbon;Strap;Rubber;Skeleton;Tourbillon;Oversized (44mm+)
RM-022,web_ready,Richard Mille/RM 27-03/RM 27-03 Rafael Nadal Tourbillon Red Quartz TPT Black Skeleton Black Fabric Strap,Richard Mille;RM 27-03;Men;Carbon;Strap;Fabric;Skeleton;Tourbillon;Oversized (44mm+)
RM-023,web_ready,Richard Mille/RM 27-03/RM 27-03 Rafael Nadal Yellow Red Quartz TPT Skeleton Yellow Strap,Richard Mille;RM 27-03;Men;Quartz Tpt;Strap;Fabric;Skeleton;Oversized (44mm+)
RM-027,web_ready,Richard Mille/RM 35-01/RM 35-01 Rafael Nadal Black Carbon Skeleton Dial Red Strap,Richard Mille;RM 35-01;Men;Carbon;Strap;Rubber;Skeleton;Oversized (44mm+)
RM-028,web_ready,Richard Mille/RM 35-01/RM 35-01 Rafael Nadal Black Carbon TPT Skeleton Dial Black Strap,Richard Mille;RM 35-01;Men;Carbon;Strap;Rubber;Skeleton;Oversized (44mm+)
RM-029,web_ready,Richard Mille/RM 35-01/RM 35-01 Rafael Nadal Sapphire Crystal Case Skeleton Dial Black Strap,Richard Mille;RM 35-01;Men;Sapphire Crystal;Strap;Rubber;Skeleton;Oversized (44mm+)
RM-030,web_ready,Richard Mille/RM 35-01/RM 35-01 Rafael Nadal White Quartz TPT Skeleton Dial Black Strap,Richard Mille;RM 35-01;Men;Quartz Tpt;Strap;Rubber;Skeleton;Oversized (44mm+)
RM-031,web_ready,Richard Mille/RM 35-02/RM 35-02 Rafael Nadal Black Carbon TPT Skeleton Dial Red Crown Black Strap,Richard Mille;RM 35-02;Men;Carbon;Strap;Rubber;Skeleton;Oversized (44mm+)
RM-032,web_ready,Richard Mille/RM 35-02/RM 35-02 Rafael Nadal Red Quartz TPT Skeleton Dial Red Rubber Strap,Richard Mille;RM 35-02;Men;Quartz Tpt;Strap;Rubber;Skeleton;Oversized (44mm+)
RM-038,web_ready,Richard Mille/RM 35-03/RM 35-03 Automatic Light Blue Quartz TPT Skeleton Dial Blue Rubber Strap,Richard Mille;RM 35-03;Men;Quartz Tpt;Strap;Rubber;Skeleton;Oversized (44mm+)
RM-039,web_ready,Richard Mille/RM 35-03/RM 35-03 Rafael Nadal Carbon TPT Black Skeleton Dial Black Rubber Strap,Richard Mille;RM 35-03;Men;Black;Carbon;Strap;Rubber;Skeleton;Oversized (44mm+)
RM-040,web_ready,Richard Mille/RM 35-03/RM 35-03 Rafael Nadal Orange Quartz TPT Case Black Rubber Strap,Richard Mille;RM 35-03;Men;Quartz Tpt;Strap;Rubber;Oversized (44mm+)
RM-041,web_ready,Richard Mille/RM 35-03/RM 35-03 Rafael Nadal Skeleton Blue Quartz TPT White Strap Red Crown,Richard Mille;RM 35-03;Men;Quartz Tpt;Strap;Rubber;Skeleton;Oversized (44mm+)
RM-044,web_ready,Richard Mille/RM 61-01/RM 61-01 White Skeleton Dial Ceramic Black Rubber Strap,Richard Mille;RM 61-01;Men;Ceramic;Strap;Rubber;Ceramic Bezel;Skeleton;Oversized (44mm+)
RM-045,web_ready,Richard Mille/RM 65-01/RM 65-01 Mclaren Split-Seconds Chronograph Carbon Titanium Orange Accents Black Strap,Richard Mille;RM 65-01;Men;Carbon;Strap;Rubber;Chronograph;Oversized (44mm+)
RM-048,web_ready,Richard Mille/RM 67-01/RM 67-01 Extra Flat Skeleton Titanium Black Rubber Strap,Richard Mille;RM 67-01;Men;Titanium;Strap;Rubber;Skeleton;Standard (37-40mm)
RM-050,web_ready,Richard Mille/RM 88/RM 88 Smiley Tourbillon White Ceramic Rose Gold Caseband,Richard Mille;RM 88;Men;Ceramic;Strap;Rubber;Ceramic Bezel;Skeleton;Tourbillon;Oversized (44mm+)
ROL-087,web_ready,Rolex/1908/1908 Black Dial Yellow Gold Fluted Bezel,Rolex;1908;Men;Black;Yellowgold;Strap;Fluted Bezel;Standard (37-40mm)
ROL-295,web_ready,Rolex/1908/1908 Clasp Engraving Yellow Gold Jubilee,Rolex;1908;Men;?;Yellowgold;Strap
ROL-155,web_ready,Rolex/1908/1908 Ice Blue Dial Steel Fluted Bezel Jubilee,Rolex;1908;Men;Ice Blue;Stainless Steel;Strap;Steel;Fluted Bezel;Standard (37-40mm)
ROL-558,web_ready,Rolex/1908/Cellini Moonphase White Dial Rose Gold Brown Leather Strap,Rolex;1908;Men;White;Rose Gold;Strap;Leather;Fluted Bezel;Moonphase;Standard (37-40mm)
ROL-702,web_ready,Rolex/1908/Cellini Moonphase White Dial Rose Gold Leather Strap,Rolex;1908;Men;White;Rose Gold;Strap;Leather;Fluted Bezel;Moonphase;Standard (37-40mm)
ROL-146,web_ready,Rolex/Air-King/Air-King Black Dial Steel Smooth Bezel Oyster,Rolex;Air-King;Men;Black;Stainless Steel;Strap;Steel;Smooth Bezel;Standard (37-40mm)
ROL-252,web_ready,Rolex/Air-King/Air-King Steel Oyster Side Profile,Rolex;Air-King;Men;?;Stainless Steel;Strap;Steel;Smooth Bezel;Standard (37-40mm)
ROL-403,web_ready,Rolex/Cellini/Cellini Moonphase White Dial Everose Gold Brown Leather,Rolex;Cellini;Men;White;Rose Gold;Strap;Leather;Fluted Bezel;Moonphase;Standard (37-40mm)
ROL-720,web_ready,Rolex/Cellini/Cellini Time Leather Strap,Rolex;Cellini;Men;Mixed;Strap;Leather;Fluted Bezel;Standard (37-40mm)
ROL-929,web_ready,Rolex/Cosmograph Daytona/Cosmograph Daytona Black And White Dial Steel Ceramic Bezel Oyster,Rolex;Cosmograph Daytona;Men;White;Stainless Steel;Strap;Steel;Ceramic Bezel;Chronograph;Standard (37-40mm)
ROL-127,web_ready,Rolex/Cosmograph Daytona/Cosmograph Daytona Black And White Panda Dial Steel Ceramic Bezel,Rolex;Cosmograph Daytona;Men;Black;Stainless Steel;Bracelet;Steel;Ceramic Bezel;Tachymeter Bezel;Chronograph;Standard (37-40mm)
ROL-306,web_ready,Rolex/Cosmograph Daytona/Cosmograph Daytona Black Dial Steel Ceramic Bezel Oyster,Rolex;Cosmograph Daytona;Men;Black;Stainless Steel;Strap;Steel;Ceramic Bezel;Tachymeter Bezel;Chronograph;Standard (37-40mm)
ROL-408,web_ready,Rolex/Cosmograph Daytona/Cosmograph Daytona Black Dial Steel Ceramic Bezel Oyster 2,Rolex;Cosmograph Daytona;Men;Black;Stainless Steel;Strap;Steel;Ceramic Bezel;Tachymeter Bezel;Chronograph;Standard (37-40mm)
ROL-497,web_ready,Rolex/Cosmograph Daytona/Cosmograph Daytona Black Dial Steel Ceramic Bezel Oyster 3,Rolex;Cosmograph Daytona;Men;Black;Stainless Steel;Bracelet;Steel;Ceramic Bezel;Tachymeter Bezel;Chronograph;Standard (37-40mm)
ROL-578,web_ready,Rolex/Cosmograph Daytona/Cosmograph Daytona Black Dial Yellow Gold Ceramic Bezel Oysterflex 2,Rolex;Cosmograph Daytona;Men;Black;Yellow Gold;Strap;Rubber;Ceramic Bezel;Tachymeter Bezel;Chronograph;Standard (37-40mm)
ROL-783,web_ready,Rolex/Cosmograph Daytona/Cosmograph Daytona Black Dial Yellow Gold Ceramic Bezel Oysterflex 3,Rolex;Cosmograph Daytona;Men;Black;Yellow Gold;Strap;Rubber;Ceramic Bezel;Tachymeter Bezel;Chronograph;Standard (37-40mm)
ROL-118,web_ready,Rolex/Cosmograph Daytona/Cosmograph Daytona Black Dial Yellow Gold Ceramic Bezel Rubber Strap,Rolex;Cosmograph Daytona;Men;Black;Yellowgold;Strap;Rubber;Ceramic Bezel;Tachymeter Bezel;Chronograph;Standard (37-40mm)
ROL-794,web_ready,Rolex/Cosmograph Daytona/Cosmograph Daytona Black Dial Yellow Gold Ceramic Bezel Rubber Strap 2,Rolex;Cosmograph Daytona;Men;Black;Yellow Gold;Strap;Rubber;Ceramic Bezel;Chronograph;Standard (37-40mm)
ROL-298,web_ready,Rolex/Cosmograph Daytona/Cosmograph Daytona Black Diamond Dial Steel and Yellow Gold Rolesor,Rolex;Cosmograph Daytona;Men;Black;Two-Tone;Strap;Steel-Yellowgold;Tachymeter Bezel;Chronograph;Diamond-Set;Standard (37-40mm)
ROL-376,web_ready,Rolex/Cosmograph Daytona/Cosmograph Daytona Black Diamond Dial Two Tone Tachymeter,Rolex;Cosmograph Daytona;Men;Black;Yellow Gold;Two-Tone;Strap;Tachymeter Bezel;Chronograph;Diamond-Set;Standard (37-40mm)
ROL-203,web_ready,Rolex/Cosmograph Daytona/Cosmograph Daytona Black Diamond Dial White Gold Black Ceramic Bezel Oysterflex,Rolex;Cosmograph Daytona;Men;Black;White-Gold;Strap;Rubber;Ceramic Bezel;Tachymeter Bezel;Chronograph;Diamond-Set;Standard (37-40mm)
ROL-124,web_ready,Rolex/Cosmograph Daytona/Cosmograph Daytona Black Diamond Dial White Gold Ceramic Bezel Rubber Strap,Rolex;Cosmograph Daytona;Men;Black;Whitegold;Strap;Rubber;Ceramic Bezel;Tachymeter Bezel;Chronograph;Diamond-Set;Standard (37-40mm)
ROL-360,web_ready,Rolex/Cosmograph Daytona/Cosmograph Daytona Black Diamond Dial White Gold Engraved Bezel Oyster,Rolex;Cosmograph Daytona;Men;Black;White Gold;Bracelet;Tachymeter Bezel;Chronograph;Diamond-Set;Standard (37-40mm)
ROL-893,web_ready,Rolex/Cosmograph Daytona/Cosmograph Daytona Black Diamond Dial White Gold Rainbow Bezel 2,Rolex;Cosmograph Daytona;Men;Black;White Gold;Strap;Chronograph;Diamond-Set;Standard (37-40mm)
ROL-180,web_ready,Rolex/Cosmograph Daytona/Cosmograph Daytona Black Diamond Dial Yellow Gold Champagne Subdials,Rolex;Cosmograph Daytona;Men;Black;Yellowgold;Strap;Tachymeter Bezel;Chronograph;Diamond-Set;Standard (37-40mm)
ROL-406,web_ready,Rolex/Cosmograph Daytona/Cosmograph Daytona Blue Dial Platinum Engraved Bezel,Rolex;Cosmograph Daytona;Men;Blue;Platinum;Strap;Tachymeter Bezel;Chronograph;Standard (37-40mm)
ROL-808,web_ready,Rolex/Cosmograph Daytona/Cosmograph Daytona Blue Dial Steel Oyster,Rolex;Cosmograph Daytona;Men;Blue;Stainless Steel;Strap;Steel;Tachymeter Bezel;Chronograph;Standard (37-40mm)
ROL-478,web_ready,Rolex/Cosmograph Daytona/Cosmograph Daytona Blue Koi Dial Carbon Fabric Strap,Rolex;Cosmograph Daytona;Men;Blue;Carbon;Strap;Fabric;Tachymeter Bezel;Chronograph;Standard (37-40mm)
ROL-555,web_ready,Rolex/Cosmograph Daytona/Cosmograph Daytona Caliber 4131 Movement,Rolex;Cosmograph Daytona;Men;?;Strap;Chronograph
ROL-837,web_ready,Rolex/Cosmograph Daytona/Cosmograph Daytona Carbon Dial Forged Carbon Green Tachymeter Leather Strap,Rolex;Cosmograph Daytona;Men;Gray;Carbon;Strap;Leather;Tachymeter Bezel;Chronograph;Standard (37-40mm)
ROL-549,web_ready,Rolex/Cosmograph Daytona/Cosmograph Daytona Carbon Dial Orange Subdials Carbon Orange Strap,Rolex;Cosmograph Daytona;Men;Gray;Carbon;Strap;Fabric;Tachymeter Bezel;Chronograph;Standard (37-40mm)
ROL-374,web_ready,Rolex/Cosmograph Daytona/Cosmograph Daytona Champagne Dial Two-Tone Gold Bezel Oyster,Rolex;Cosmograph Daytona;Men;Champagne;Yellow Gold;Two-Tone;Strap;Tachymeter Bezel;Chronograph;Standard (37-40mm)
ROL-470,web_ready,Rolex/Cosmograph Daytona/Cosmograph Daytona Champagne Dial Yellow Gold Black Ceramic Bezel Oysterflex,Rolex;Cosmograph Daytona;Men;Champagne;Yellow Gold;Strap;Rubber;Ceramic Bezel;Tachymeter Bezel;Chronograph;Standard (37-40mm)
ROL-358,web_ready,Rolex/Cosmograph Daytona/Cosmograph Daytona Champagne Dial Yellow Gold Black Ceramic Bezel Rubber Strap,Rolex;Cosmograph Daytona;Men;Champagne;Yellow Gold;Strap;Rubber;Ceramic Bezel;Tachymeter Bezel;Chronograph;Standard (37-40mm)
ROL-612,web_ready,Rolex/Cosmograph Daytona/Cosmograph Daytona Chocolate Dial Everose Gold Black Ceramic Bezel Oysterflex,Rolex;Cosmograph Daytona;Men;Brown;Rose Gold;Strap;Rubber;Ceramic Bezel;Tachymeter Bezel;Chronograph;Standard (37-40mm)
ROL-290,web_ready,Rolex/Cosmograph Daytona/Cosmograph Daytona DiW Custom Ice Blue Dial Carbon Bezel Fabric Strap,Rolex;Cosmograph Daytona;Men;Ice Blue;Carbon;Strap;Fabric;Tachymeter Bezel;Chronograph;Standard (37-40mm)
ROL-263,web_ready,Rolex/Cosmograph Daytona/Cosmograph Daytona DiW Ice Blue Dial White Carbon Carbon Bezel,Rolex;Cosmograph Daytona;Men;Ice Blue;Carbon;Strap;Fabric;Tachymeter Bezel;Chronograph;Standard (37-40mm)
ROL-264,web_ready,Rolex/Cosmograph Daytona/Cosmograph Daytona DiW White Carbon Caseback,Rolex;Cosmograph Daytona;Men;?;Carbon;Strap;Leather;Chronograph;Standard (37-40mm)
ROL-240,web_ready,Rolex/Cosmograph Daytona/Cosmograph Daytona DiW White Dial Carbon Custom,Rolex;Cosmograph Daytona;Men;White;Carbon;Strap;Fabric;Chronograph;Standard (37-40mm)
ROL-357,web_ready,Rolex/Cosmograph Daytona/Cosmograph Daytona Diamond Pave Dial White Gold Engraved Bezel,Rolex;Cosmograph Daytona;Men;Diamond Pave;White Gold;Bracelet;Tachymeter Bezel;Chronograph;Diamond-Set;Standard (37-40mm)
ROL-807,web_ready,Rolex/Cosmograph Daytona/Cosmograph Daytona Green Dial White Gold Turquoise Strap,Rolex;Cosmograph Daytona;Men;Green;White Gold;Strap;Leather;Tachymeter Bezel;Chronograph;Standard (37-40mm)
ROL-760,web_ready,Rolex/Cosmograph Daytona/Cosmograph Daytona Green Dial Yellow Gold Oyster,Rolex;Cosmograph Daytona;Men;Green;Yellow Gold;Bracelet;Tachymeter Bezel;Chronograph;Standard (37-40mm)
ROL-429,web_ready,Rolex/Cosmograph Daytona/Cosmograph Daytona Green Yellow Gold Tachymeter Bezel Oyster,Rolex;Cosmograph Daytona;Men;Green;Yellow Gold;Strap;Tachymeter Bezel;Chronograph;Standard (37-40mm)
ROL-459,web_ready,Rolex/Cosmograph Daytona/Cosmograph Daytona Grey Dial White Gold Diamond Bezel Rubber Strap,Rolex;Cosmograph Daytona;Men;Gray;White Gold;Strap;Rubber;Diamond Bezel;Chronograph;Diamond-Set;Standard (37-40mm)
ROL-120,web_ready,Rolex/Cosmograph Daytona/Cosmograph Daytona Ice Blue Dial Platinum Brown Ceramic Bezel Diamond Markers,Rolex;Cosmograph Daytona;Men;Ice Blue;Platinum;Bracelet;Ceramic Bezel;Chronograph;Diamond-Set;Standard (37-40mm)
ROL-099,web_ready,Rolex/Cosmograph Daytona/Cosmograph Daytona Ice Blue Dial Platinum Brown Ceramic Bezel Oyster,Rolex;Cosmograph Daytona;Men;Blue;Platinum;Strap;Ceramic Bezel;Tachymeter Bezel;Chronograph;Standard (37-40mm)
ROL-441,web_ready,Rolex/Cosmograph Daytona/Cosmograph Daytona Ice Blue Dial Platinum Brown Ceramic Bezel Oyster Bracelet,Rolex;Cosmograph Daytona;Men;Ice Blue;Platinum;Strap;Ceramic Bezel;Chronograph;Standard (37-40mm)
ROL-510,web_ready,Rolex/Cosmograph Daytona/Cosmograph Daytona Meteorite Dial Yellow Gold Black Ceramic Bezel Oysterflex,Rolex;Cosmograph Daytona;Men;Meteorite;Yellow Gold;Strap;Rubber;Ceramic Bezel;Chronograph;Standard (37-40mm)
ROL-820,web_ready,Rolex/Cosmograph Daytona/Cosmograph Daytona Mixed Lot Steel Oyster,Rolex;Cosmograph Daytona;Men;Mixed;Stainless Steel;Strap;Steel;Chronograph;Standard (37-40mm)
ROL-928,web_ready,Rolex/Cosmograph Daytona/Cosmograph Daytona Pave Diamond Dial Everose Gold Rainbow Bezel,Rolex;Cosmograph Daytona;Men;Pave Diamond;Rose Gold;Strap;Diamond Bezel;Chronograph;Diamond-Set;Standard (37-40mm)
ROL-508,web_ready,Rolex/Cosmograph Daytona/Cosmograph Daytona Pave Diamond Dial White Gold Baguette Diamond Bezel Rubber Strap,Rolex;Cosmograph Daytona;Men;Diamond Pave;White Gold;Strap;Rubber;Diamond Bezel;Chronograph;Diamond-Set;Standard (37-40mm)
ROL-683,web_ready,Rolex/Cosmograph Daytona/Cosmograph Daytona Pave Diamond White Gold Sapphire Bezel Oysterflex Strap,Rolex;Cosmograph Daytona;Men;Pave Diamond;White Gold;Strap;Rubber;Diamond Bezel;Chronograph;Diamond-Set;Standard (37-40mm)
ROL-407,web_ready,Rolex/Cosmograph Daytona/Cosmograph Daytona Platinum Engraved Bezel,Rolex;Cosmograph Daytona;Men;?;Platinum;Strap;Tachymeter Bezel;Chronograph;Standard (37-40mm)
ROL-253,web_ready,Rolex/Cosmograph Daytona/Cosmograph Daytona Rainbow Everose Gold Black Dial Sapphire Bezel,Rolex;Cosmograph Daytona;Men;Black;Rose Gold;Strap;Everosegold;Chronograph;Standard (37-40mm)
ROL-692,web_ready,Rolex/Cosmograph Daytona/Cosmograph Daytona Rainbow Pave Dial Yellow Gold Sapphire Bezel Oyster,Rolex;Cosmograph Daytona;Men;Pave Diamond;Yellow Gold;Bracelet;Chronograph;Standard (37-40mm)
ROL-518,web_ready,Rolex/Cosmograph Daytona/Cosmograph Daytona Rainbow Yellow Gold Black Dial Diamond Lugs,Rolex;Cosmograph Daytona;Men;Black;Yellow Gold;Bracelet;Chronograph;Diamond-Set;Standard (37-40mm)
ROL-936,web_ready,Rolex/Cosmograph Daytona/Cosmograph Daytona Rose Gold Oyster Bracelet,Rolex;Cosmograph Daytona;Men;?;Rose Gold;Strap;Chronograph;Standard (37-40mm)
ROL-935,web_ready,Rolex/Cosmograph Daytona/Cosmograph Daytona Silver Diamond Dial Rose Gold Oyster,Rolex;Cosmograph Daytona;Men;Silver;Rose Gold;Strap;Tachymeter Bezel;Chronograph;Diamond-Set;Standard (37-40mm)
ROL-658,web_ready,Rolex/Cosmograph Daytona/Cosmograph Daytona Silver Racing Dial White Gold Engraved Bezel Oyster,Rolex;Cosmograph Daytona;Men;Silver;White Gold;Bracelet;Tachymeter Bezel;Chronograph;Standard (37-40mm)
ROL-096,web_ready,Rolex/Cosmograph Daytona/Cosmograph Daytona Steel Black Ceramic Bezel Oysterflex,Rolex;Cosmograph Daytona;Men;?;Stainless Steel;Strap;Rubber;Ceramic Bezel;Tachymeter Bezel;Chronograph;Standard (37-40mm)
ROL-383,web_ready,Rolex/Cosmograph Daytona/Cosmograph Daytona Steel Ceramic Bezel,Rolex;Cosmograph Daytona;Men;?;Stainless Steel;Bracelet;Steel;Chronograph;Standard (37-40mm)
ROL-008,web_ready,Rolex/Cosmograph Daytona/Cosmograph Daytona Steel Dial Black Ceramic Bezel Oysterflex Strap,Rolex;Cosmograph Daytona;Men;Gray;White Gold;Strap;Rubber;Ceramic Bezel;Tachymeter Bezel;Chronograph;Standard (37-40mm)
ROL-659,web_ready,Rolex/Cosmograph Daytona/Cosmograph Daytona Steel Dial Stainless Steel Engraved Bezel Oyster,Rolex;Cosmograph Daytona;Men;Gray;Stainless Steel;Bracelet;Steel;Tachymeter Bezel;Chronograph;Standard (37-40mm)
ROL-653,web_ready,Rolex/Cosmograph Daytona/Cosmograph Daytona Steel Grey Dial White Gold Black Ceramic Bezel Oysterflex,Rolex;Cosmograph Daytona;Men;Gray;White Gold;Strap;Rubber;Ceramic Bezel;Tachymeter Bezel;Chronograph;Standard (37-40mm)
ROL-440,web_ready,Rolex/Cosmograph Daytona/Cosmograph Daytona Steel Grey Dial White Gold Black Ceramic Bezel Rubber Strap,Rolex;Cosmograph Daytona;Men;Gray;White Gold;Strap;Rubber;Ceramic Bezel;Chronograph;Standard (37-40mm)
ROL-379,web_ready,Rolex/Cosmograph Daytona/Cosmograph Daytona Steel Oyster Caseback,Rolex;Cosmograph Daytona;Men;?;Stainless Steel;Strap;Steel;Chronograph;Standard (37-40mm)
ROL-097,web_ready,Rolex/Cosmograph Daytona/Cosmograph Daytona Turquoise Dial Yellow Gold Black Ceramic Bezel Oysterflex,Rolex;Cosmograph Daytona;Men;Turquoise;Yellowgold;Strap;Rubber;Ceramic Bezel;Tachymeter Bezel;Chronograph;Standard (37-40mm)
ROL-372,web_ready,Rolex/Cosmograph Daytona/Cosmograph Daytona Two Tone Tachymeter,Rolex;Cosmograph Daytona;Men;Multi;Yellow Gold;Two-Tone;Strap;Tachymeter Bezel;Chronograph;Standard (37-40mm)
ROL-377,web_ready,Rolex/Cosmograph Daytona/Cosmograph Daytona Two-Tone Gold Bezel Oyster,Rolex;Cosmograph Daytona;Men;?;Yellow Gold;Two-Tone;Strap;Tachymeter Bezel;Chronograph;Standard (37-40mm)
ROL-438,web_ready,Rolex/Cosmograph Daytona/Cosmograph Daytona Vintage Silver Dial Steel Black Bezel Oyster Bracelet,Rolex;Cosmograph Daytona;Men;Silver;Stainless Steel;Bracelet;Steel;Tachymeter Bezel;Chronograph;Standard (37-40mm)
ROL-011,web_ready,Rolex/Cosmograph Daytona/Cosmograph Daytona White Dial Black Bezel Steel,Rolex;Cosmograph Daytona;Men;White;Stainless Steel;Bracelet;Steel;Ceramic Bezel;Tachymeter Bezel;Chronograph;Standard (37-40mm)
ROL-901,web_ready,Rolex/Cosmograph Daytona/Cosmograph Daytona White Dial Steel Black Ceramic Bezel 3,Rolex;Cosmograph Daytona;Men;White;Stainless Steel;Strap;Steel;Ceramic Bezel;Chronograph;Standard (37-40mm)
ROL-565,web_ready,Rolex/Cosmograph Daytona/Cosmograph Daytona White Dial Steel Black Ceramic Bezel Oyster,Rolex;Cosmograph Daytona;Men;White;Stainless Steel;Bracelet;Steel;Ceramic Bezel;Tachymeter Bezel;Chronograph;Standard (37-40mm)
ROL-375,web_ready,Rolex/Cosmograph Daytona/Cosmograph Daytona White Dial Two-Tone Gold Bezel Oyster,Rolex;Cosmograph Daytona;Men;White;Yellow Gold;Two-Tone;Strap;Tachymeter Bezel;Chronograph;Standard (37-40mm)
ROL-520,web_ready,Rolex/Cosmograph Daytona/Cosmograph Daytona White Dial Yellow Gold Ceramic Bezel Rubber Strap,Rolex;Cosmograph Daytona;Men;White;Yellow Gold;Strap;Rubber;Ceramic Bezel;Chronograph;Standard (37-40mm)
ROL-405,web_ready,Rolex/Cosmograph Daytona/Cosmograph Daytona White Diamond Dial Two-Tone Gold Bezel,Rolex;Cosmograph Daytona;Men;White;Yellow Gold;Two-Tone;Strap;Tachymeter Bezel;Chronograph;Diamond-Set;Standard (37-40mm)
ROL-684,web_ready,Rolex/Cosmograph Daytona/Cosmograph Daytona White Gold Oysterflex Strap Caseback,Rolex;Cosmograph Daytona;Men;?;White Gold;Strap;Rubber;Chronograph;Standard (37-40mm)
ROL-266,web_ready,Rolex/Cosmograph Daytona/Cosmograph Daytona White Panda Dial Forged Carbon Tachymeter Bezel Fabric Strap,Rolex;Cosmograph Daytona;Men;White;Carbon;Strap;Fabric;Tachymeter Bezel;Chronograph;Standard (37-40mm)
ROL-378,web_ready,Rolex/Cosmograph Daytona/Cosmograph Daytona White Panda Dial Steel Black Ceramic Bezel Oyster,Rolex;Cosmograph Daytona;Men;White;Stainless Steel;Strap;Steel;Ceramic Bezel;Chronograph;Standard (37-40mm)
ROL-501,web_ready,Rolex/Cosmograph Daytona/Cosmograph Daytona White Panda Dial Steel Black Ceramic Bezel Oyster 2,Rolex;Cosmograph Daytona;Men;White;Stainless Steel;Bracelet;Steel;Ceramic Bezel;Tachymeter Bezel;Chronograph;Standard (37-40mm)
ROL-430,web_ready,Rolex/Cosmograph Daytona/Cosmograph Daytona White Panda Dial Steel Ceramic Bezel Oyster Bracelet,Rolex;Cosmograph Daytona;Men;White;Stainless Steel;Strap;Steel;Ceramic Bezel;Tachymeter Bezel;Chronograph;Standard (37-40mm)
ROL-836,web_ready,Rolex/Cosmograph Daytona/Cosmograph Daytona Yellow Gold Black Bezel Oyster,Rolex;Cosmograph Daytona;Men;?;Yellow Gold;Strap;Ceramic Bezel;Chronograph;Standard (37-40mm)
ROL-098,web_ready,Rolex/Cosmograph Daytona/Cosmograph Daytona Yellow Gold Black Ceramic Bezel Oysterflex,Rolex;Cosmograph Daytona;Men;?;Yellowgold;Strap;Rubber;Ceramic Bezel;Tachymeter Bezel;Chronograph;Standard (37-40mm)
ROL-670,web_ready,Rolex/Cosmograph Daytona/Cosmograph Daytona Yellow Gold Diamond Lugs Side,Rolex;Cosmograph Daytona;Men;?;Yellow Gold;Bracelet;Diamond Bezel;Chronograph;Diamond-Set;Standard (37-40mm)
ROL-925,web_ready,Rolex/Cosmograph Daytona/Daytona Blaken Skeleton Dial Black Ceramic Bezel White Rubber,Rolex;Cosmograph Daytona;Men;Black Dlc Steel;Strap;Rubber;Ceramic Bezel;Tachymeter Bezel;Chronograph;Skeleton;Standard (37-40mm)
ROL-491,web_ready,Rolex/Datejust/Datejust 31 Green Diamond Dial Two-Tone Yellow Gold Diamond Bezel Jubilee,Rolex;Datejust;Women;Green;Yellow Gold;Two-Tone;Bracelet;Diamond Bezel;Date;Diamond-Set;Ladies (<33mm)
ROL-877,web_ready,Rolex/Datejust/Datejust Assorted Dials Mixed Materials Group,Rolex;Datejust;Unisex;Assorted;Strap;Date
ROL-600,web_ready,Rolex/Datejust/Datejust Black And Rhodium Dial Steel Fluted Bezel Jubilee,Rolex;Datejust;Men;Black;Stainless Steel;Strap;Steel;Fluted Bezel;Date;Large (41-43mm)
ROL-385,web_ready,Rolex/Datejust/Datejust Black Dial Steel Fluted Bezel Jubilee,Rolex;Datejust;Men;Black;Stainless Steel;Bracelet;Steel;Fluted Bezel;Date;Large (41-43mm)
ROL-519,web_ready,Rolex/Datejust/Datejust Black Dial Steel Fluted Bezel Jubilee Bracelet,Rolex;Datejust;Men;Black;Stainless Steel;Strap;Steel;Fluted Bezel;Date;Mid (33-36mm)
ROL-114,web_ready,Rolex/Datejust/Datejust Black Dial Steel White Gold Fluted Bezel Jubilee,Rolex;Datejust;Men;Black;Two-Tone;Strap;Steel;Fluted Bezel;Date;Mid (33-36mm)
ROL-110,web_ready,Rolex/Datejust/Datejust Black Diamond Dial Steel Diamond Bezel Jubilee,Rolex;Datejust;Men;Black;Stainless Steel;Strap;Steel;Diamond Bezel;Date;Diamond-Set;Mid (33-36mm)
ROL-450,web_ready,Rolex/Datejust/Datejust Black Diamond Dial Two-Tone Yellow Gold Fluted Bezel Jubilee,Rolex;Datejust;Men;Black;Yellow Gold;Two-Tone;Strap;Fluted Bezel;Date;Diamond-Set;Large (41-43mm)
ROL-476,web_ready,Rolex/Datejust/Datejust Black Diamond Dial Two-Tone Yellow Gold Fluted Bezel Jubilee 2,Rolex;Datejust;Men;Black;Yellow Gold;Two-Tone;Bracelet;Fluted Bezel;Date;Diamond-Set;Mid (33-36mm)
ROL-352,web_ready,Rolex/Datejust/Datejust Black Diamond Dial White Gold Diamond Bezel President,Rolex;Datejust;Unisex;Black;White Gold;Strap;Diamond Bezel;Date;Diamond-Set;Ladies (<33mm)
ROL-738,web_ready,Rolex/Datejust/Datejust Black Mother Of Pearl Diamond Dial Steel And Yellow Gold Fluted Bezel Jubilee,Rolex;Datejust;Men;Mother of Pearl;Yellow Gold;Two-Tone;Strap;Fluted Bezel;Date;Diamond-Set;Large (41-43mm)
ROL-695,web_ready,Rolex/Datejust/Datejust Black Mother Of Pearl Diamond Dial Two Tone Everose Gold Fluted Bezel Jubilee,Rolex;Datejust;Unisex;Mother of Pearl;Rose Gold;Two-Tone;Strap;Fluted Bezel;Date;Diamond-Set;Mid (33-36mm)
ROL-737,web_ready,Rolex/Datejust/Datejust Black Mother Of Pearl Diamond Dial Two Tone Gold Diamond Bezel Jubilee,Rolex;Datejust;Unisex;Mother of Pearl;Stainless Steel;Yellow Gold;Two-Tone;Strap;Diamond Bezel;Date;Diamond-Set;Mid (33-36mm)
ROL-414,web_ready,Rolex/Datejust/Datejust Black Mother-Of-Pearl Diamond Dial Two-Tone Everose Gold Fluted Bezel Jubilee,Rolex;Datejust;Unisex;Black;Rose Gold;Two-Tone;Strap;Fluted Bezel;Date;Diamond-Set;Mid (33-36mm)
ROL-599,web_ready,Rolex/Datejust/Datejust Blue And Black Dial Steel Fluted Bezel Jubilee,Rolex;Datejust;Men;Blue;Stainless Steel;Strap;Steel;Fluted Bezel;Date;Large (41-43mm)
ROL-607,web_ready,Rolex/Datejust/Datejust Blue Computer Dial Diamonds Steel Fluted Bezel Jubilee Bracelet,Rolex;Datejust;Unisex;Blue;Stainless Steel;Strap;Steel;Fluted Bezel;Date;Diamond-Set;Mid (33-36mm)
ROL-089,web_ready,Rolex/Datejust/Datejust Blue Dial Steel Fluted Bezel,Rolex;Datejust;Men;Blue;Stainless Steel;Strap;Steel;Fluted Bezel;Date;Large (41-43mm)
ROL-079,web_ready,Rolex/Datejust/Datejust Blue Diamond Dial Steel Fluted White Gold Bezel Jubilee,Rolex;Datejust;Men;Blue;Stainless Steel;Strap;Steel;Fluted Bezel;Date;Diamond-Set;Large (41-43mm)
ROL-387,web_ready,Rolex/Datejust/Datejust Blue Diamond Dial Steel White Gold Fluted Bezel Jubilee,Rolex;Datejust;Men;Blue;Stainless Steel;Bracelet;Steel;Fluted Bezel;Date;Diamond-Set;Large (41-43mm)
ROL-484,web_ready,Rolex/Datejust/Datejust Blue Floral Diamond Dial Steel Diamond Bezel Oyster,Rolex;Datejust;Women;Blue;Stainless Steel;Bracelet;Steel;Diamond Bezel;Date;Diamond-Set;Ladies (<33mm)
ROL-164,web_ready,Rolex/Datejust/Datejust Blue Fluted Motif Dial White Gold Bezel Oyster,Rolex;Datejust;Men;Blue;Stainless Steel;Strap;Steel;Fluted Bezel;Date;Large (41-43mm)
ROL-116,web_ready,Rolex/Datejust/Datejust Blue Fluted Motif Diamond Dial Steel White Gold Fluted Bezel Jubilee,Rolex;Datejust;Men;Blue;Two-Tone;Strap;Steel;Fluted Bezel;Date;Diamond-Set;Mid (33-36mm)
ROL-614,web_ready,Rolex/Datejust/Datejust Blue Roman Dial Steel White Gold Fluted Bezel Jubilee,Rolex;Datejust;Unisex;Blue;White Gold;Two-Tone;Strap;Steel;Fluted Bezel;Date;Ladies (<33mm)
ROL-147,web_ready,Rolex/Datejust/Datejust Blue Steel Fluted Bezel,Rolex;Datejust;Men;Blue;Two-Tone;Strap;Steel;Fluted Bezel;Date;Large (41-43mm)
ROL-606,web_ready,Rolex/Datejust/Datejust Caliber 3135 Movement,Rolex;Datejust;Men;?;Stainless Steel;Strap;Steel;Date
ROL-238,web_ready,Rolex/Datejust/Datejust Caliber 3235 Movement,Rolex;Datejust;Men;?;Strap;Date
ROL-348,web_ready,Rolex/Datejust/Datejust Champagne Diamond Dial Yellow Gold Fluted Bezel President,Rolex;Datejust;Unisex;Champagne;Yellow Gold;Strap;Fluted Bezel;Date;Diamond-Set;Ladies (<33mm)
ROL-115,web_ready,Rolex/Datejust/Datejust Champagne Fluted Motif Diamond Dial Steel And Yellow Gold Fluted Jubilee,Rolex;Datejust;Unisex;Champagne;Two-Tone;Strap;Steel-Yellowgold;Fluted Bezel;Date;Diamond-Set;Mid (33-36mm)
ROL-435,web_ready,Rolex/Datejust/Datejust Champagne Jubilee Diamond Dial Two-Tone Yellow Gold Fluted Bezel Jubilee,Rolex;Datejust;Men;Champagne;Yellow Gold;Two-Tone;Bracelet;Fluted Bezel;Date;Diamond-Set;Mid (33-36mm)
ROL-404,web_ready,Rolex/Datejust/Datejust Champagne Palm Motif Dial Steel And Yellow Gold Fluted Bezel Jubilee,Rolex;Datejust;Unisex;Champagne;Yellow Gold;Two-Tone;Strap;Fluted Bezel;Date;Mid (33-36mm)
ROL-804,web_ready,Rolex/Datejust/Datejust Chocolate Dial Two-Tone Everose Gold Fluted Bezel Jubilee,Rolex;Datejust;Men;Brown;Rose Gold;Two-Tone;Bracelet;Fluted Bezel;Date;Mid (33-36mm)
ROL-172,web_ready,Rolex/Datejust/Datejust Chocolate Diamond Dial Steel and Everose Gold Diamond Bezel Jubilee,Rolex;Datejust;Women;Brown;Two-Tone;Strap;Steel-Rosegold;Diamond Bezel;Date;Diamond-Set;Ladies (<33mm)
ROL-077,web_ready,Rolex/Datejust/Datejust Chocolate Diamond Dial Steel and Everose Gold Fluted Jubilee,Rolex;Datejust;Women;Brown;Rose Gold;Two-Tone;Strap;Steel-Everosegold;Fluted Bezel;Date;Diamond-Set;Ladies (<33mm)
ROL-571,web_ready,Rolex/Datejust/Datejust Chocolate Diamond Dial Two-Tone Everose Gold Fluted Bezel Jubilee,Rolex;Datejust;Men;Brown;Rose Gold;Two-Tone;Strap;Fluted Bezel;Date;Diamond-Set;Large (41-43mm)
ROL-167,web_ready,Rolex/Datejust/Datejust Chocolate Everose Gold Diamond Bezel Diamond President,Rolex;Datejust;Unisex;Brown;Rosegold;Strap;Diamond Bezel;Date;Diamond-Set;Ladies (<33mm)
ROL-617,web_ready,Rolex/Datejust/Datejust Chocolate Roman Dial Steel And Rose Gold Fluted Bezel Jubilee,Rolex;Datejust;Women;Brown;Rose Gold;Two-Tone;Strap;Fluted Bezel;Date;Ladies (<33mm)
ROL-757,web_ready,Rolex/Datejust/Datejust Everose Rolesor Fluted Bezel Jubilee Side,Rolex;Datejust;Men;?;Stainless Steel;Rose Gold;Two-Tone;Strap;Fluted Bezel;Date;Large (41-43mm)
ROL-489,web_ready,Rolex/Datejust/Datejust Golden Palm Motif Dial Steel And Yellow Gold Fluted Bezel Jubilee,Rolex;Datejust;Unisex;Gold;Yellow Gold;Two-Tone;Strap;Fluted Bezel;Date;Mid (33-36mm)
ROL-649,web_ready,Rolex/Datejust/Datejust Green Dial Two-Tone Yellow Gold Diamond Bezel Diamond Roman Jubilee,Rolex;Datejust;Unisex;Green;Yellow Gold;Two-Tone;Strap;Diamond Bezel;Date;Diamond-Set;Mid (33-36mm)
ROL-842,web_ready,Rolex/Datejust/Datejust Green Diamond Dial Two-Tone Everose Gold Diamond Bezel Jubilee,Rolex;Datejust;Unisex;Green;Rose Gold;Two-Tone;Strap;Diamond Bezel;Date;Diamond-Set;Ladies (<33mm)
ROL-161,web_ready,Rolex/Datejust/Datejust Green Fluted Motif Dial White Gold Bezel Oyster,Rolex;Datejust;Men;Green;Stainless Steel;Strap;Steel;Fluted Bezel;Date;Large (41-43mm)
ROL-090,web_ready,Rolex/Datejust/Datejust Green Palm Motif Dial Steel Diamond Bezel Jubilee,Rolex;Datejust;Unisex;Green;Stainless Steel;Strap;Steel;Diamond Bezel;Date;Diamond-Set;Mid (33-36mm)
ROL-366,web_ready,Rolex/Datejust/Datejust Green Palm Motif Dial Steel Fluted Bezel Jubilee,Rolex;Datejust;Men;Green;Stainless Steel;Bracelet;Steel;Fluted Bezel;Date;Mid (33-36mm)
ROL-511,web_ready,Rolex/Datejust/Datejust Green Palm Motif Dial Steel Fluted Bezel Jubilee 2,Rolex;Datejust;Unisex;Green;Stainless Steel;Strap;Steel;Fluted Bezel;Date;Mid (33-36mm)
ROL-766,web_ready,Rolex/Datejust/Datejust Green Palm Motif Steel Fluted Bezel Oyster,Rolex;Datejust;Unisex;Green;Stainless Steel;Strap;Steel;Fluted Bezel;Date;Mid (33-36mm)
ROL-384,web_ready,Rolex/Datejust/Datejust Grey Dial Steel Fluted Bezel Jubilee,Rolex;Datejust;Men;Gray;Stainless Steel;Bracelet;Steel;Fluted Bezel;Date;Large (41-43mm)
ROL-648,web_ready,Rolex/Datejust/Datejust Grey Dial Steel Fluted Bezel Jubilee 2,Rolex;Datejust;Men;Gray;Stainless Steel;Strap;Steel;Fluted Bezel;Date;Large (41-43mm)
ROL-152,web_ready,Rolex/Datejust/Datejust Mint Green Dial Steel Diamond Bezel Jubilee,Rolex;Datejust;Women;Green;Two-Tone;Strap;Steel;Diamond Bezel;Date;Diamond-Set;Ladies (<33mm)
ROL-927,web_ready,Rolex/Datejust/Datejust Mint Green Dial Steel Fluted Bezel Oyster 2,Rolex;Datejust;Men;Green;Stainless Steel;Strap;Steel;Fluted Bezel;Date;Large (41-43mm)
ROL-512,web_ready,Rolex/Datejust/Datejust Mixed Dial Diamond Bezel Jubilee,Rolex;Datejust;Unisex;Mixed;Bracelet;Date;Diamond-Set;Mid (33-36mm)
ROL-819,web_ready,Rolex/Datejust/Datejust Mixed Lot Two-Tone And Steel Jubilee,Rolex;Datejust;Men;Mixed;Strap;Steel;Date;Mid (33-36mm)
ROL-254,web_ready,Rolex/Datejust/Datejust Movement Caseback Steel Oyster,Rolex;Datejust;Men;?;Stainless Steel;Strap;Steel;Date;Large (41-43mm)
ROL-107,web_ready,Rolex/Datejust/Datejust Olive Green Diamond Dial Steel and Yellow Gold Diamond Bezel Jubilee,Rolex;Datejust;Women;Green;Two-Tone;Strap;Steel-Yellowgold;Diamond Bezel;Date;Diamond-Set;Ladies (<33mm)
ROL-431,web_ready,Rolex/Datejust/Datejust Olive Green Diamond Dial Two-Tone Yellow Gold Diamond Bezel Jubilee,Rolex;Datejust;Women;Green;Yellow Gold;Two-Tone;Bracelet;Diamond Bezel;Date;Diamond-Set;Ladies (<33mm)
ROL-103,web_ready,Rolex/Datejust/Datejust Olive Green Palm Diamond Dial Steel White Gold Fluted Bezel Jubilee,Rolex;Datejust;Men;Green;Two-Tone;Strap;Steel;Fluted Bezel;Date;Diamond-Set;Mid (33-36mm)
ROL-752,web_ready,Rolex/Datejust/Datejust Olive Green Roman Dial Steel And Yellow Gold Fluted Bezel Jubilee,Rolex;Datejust;Women;Green;Yellow Gold;Two-Tone;Strap;Fluted Bezel;Date;Ladies (<33mm)
ROL-761,web_ready,Rolex/Datejust/Datejust Pave Butterfly Dial White Gold Diamond Bezel President,Rolex;Datejust;Women;Pave;White Gold;Bracelet;Diamond Bezel;Date;Diamond-Set;Ladies (<33mm)
ROL-640,web_ready,Rolex/Datejust/Datejust Pave Diamond Dial White Gold Diamond Bezel Rubber Strap 2,Rolex;Datejust;Men;Diamond Pave;White Gold;Strap;Rubber;Diamond Bezel;Date;Diamond-Set;Large (41-43mm)
ROL-753,web_ready,Rolex/Datejust/Datejust Pink Computer Dial Diamonds Steel Fluted Bezel Jubilee Bracelet,Rolex;Datejust;Unisex;Pink;Stainless Steel;Strap;Steel;Fluted Bezel;Date;Diamond-Set;Mid (33-36mm)
ROL-750,web_ready,Rolex/Datejust/Datejust Pink Diamond Dial Steel And Rose Gold Fluted Bezel Jubilee,Rolex;Datejust;Women;Pink;Rose Gold;Two-Tone;Strap;Fluted Bezel;Date;Diamond-Set;Ladies (<33mm)
ROL-781,web_ready,Rolex/Datejust/Datejust Pink Diamond Dial Steel White Gold Fluted Bezel Jubilee,Rolex;Datejust;Women;Pink;White Gold;Two-Tone;Strap;Steel;Fluted Bezel;Date;Diamond-Set;Ladies (<33mm)
ROL-106,web_ready,Rolex/Datejust/Datejust Pink Diamond Dial Steel and Everose Gold Fluted Jubilee,Rolex;Datejust;Women;Pink;Rose Gold;Two-Tone;Strap;Steel-Everosegold;Fluted Bezel;Date;Diamond-Set;Ladies (<33mm)
ROL-198,web_ready,Rolex/Datejust/Datejust Pink Diamond Roman Dial Steel White Gold Fluted Bezel Jubilee,Rolex;Datejust;Men;Pink;Stainless Steel;Strap;Steel;Fluted Bezel;Date;Diamond-Set;Mid (33-36mm)
ROL-437,web_ready,Rolex/Datejust/Datejust Pink Jubilee Diamond Dial Two-Tone Everose Fluted Bezel Jubilee,Rolex;Datejust;Women;Pink;Rose Gold;Two-Tone;Strap;Fluted Bezel;Date;Diamond-Set;Ladies (<33mm)
ROL-426,web_ready,Rolex/Datejust/Datejust Rhodium Dial Steel Fluted Bezel Jubilee,Rolex;Datejust;Men;Gray;Stainless Steel;Bracelet;Steel;Fluted Bezel;Date;Large (41-43mm)
ROL-828,web_ready,Rolex/Datejust/Datejust Rhodium Dial Steel Fluted Bezel Jubilee 3,Rolex;Datejust;Men;Rhodium;Stainless Steel;Strap;Steel;Fluted Bezel;Date;Large (41-43mm)
ROL-479,web_ready,Rolex/Datejust/Datejust Rhodium Dial Steel White Gold Fluted Bezel Jubilee,Rolex;Datejust;Men;Rhodium;Stainless Steel;Bracelet;Steel;Fluted Bezel;Date;Large (41-43mm)
ROL-448,web_ready,Rolex/Datejust/Datejust Rhodium Diamond Dial Steel Fluted Bezel Jubilee,Rolex;Datejust;Unisex;Gray;Stainless Steel;Strap;Steel;Fluted Bezel;Date;Diamond-Set;Mid (33-36mm)
ROL-608,web_ready,Rolex/Datejust/Datejust Rhodium Diamond Dial Steel Fluted Bezel Jubilee 2,Rolex;Datejust;Women;Rhodium;Stainless Steel;Strap;Steel;Fluted Bezel;Date;Diamond-Set;Ladies (<33mm)
ROL-227,web_ready,Rolex/Datejust/Datejust Silver Dial Steel Fluted Bezel Diamond Markers,Rolex;Datejust;Unisex;Silver;Stainless Steel;Bracelet;Steel;Fluted Bezel;Date;Diamond-Set;Ladies (<33mm)
ROL-609,web_ready,Rolex/Datejust/Datejust Silver Dial Steel Fluted White Gold Bezel Jubilee,Rolex;Datejust;Men;Silver;Stainless Steel;Strap;Steel;Fluted Bezel;Date;Large (41-43mm)
ROL-346,web_ready,Rolex/Datejust/Datejust Silver Diamond Dial Everose Gold Diamond Bezel President,Rolex;Datejust;Women;Silver;Rose Gold;Strap;Diamond Bezel;Date;Diamond-Set;Ladies (<33mm)
ROL-397,web_ready,Rolex/Datejust/Datejust Silver Diamond Dial Steel And Yellow Gold Fluted Bezel Jubilee,Rolex;Datejust;Men;Silver;Yellow Gold;Two-Tone;Strap;Fluted Bezel;Date;Diamond-Set;Large (41-43mm)
ROL-208,web_ready,Rolex/Datejust/Datejust Silver Diamond Roman Dial Steel White Gold Fluted Bezel Jubilee,Rolex;Datejust;Men;Silver;Stainless Steel;Strap;Steel;Fluted Bezel;Date;Diamond-Set;Mid (33-36mm)
ROL-736,web_ready,Rolex/Datejust/Datejust Silver Jubilee Diamond Dial Steel Fluted Bezel Oyster,Rolex;Datejust;Men;Silver;Stainless Steel;Strap;Steel;Fluted Bezel;Date;Diamond-Set;Mid (33-36mm)
ROL-117,web_ready,Rolex/Datejust/Datejust Silver Steel Fluted Bezel Diamond Dial Jubilee,Rolex;Datejust;Unisex;Silver;Two-Tone;Strap;Steel;Fluted Bezel;Date;Diamond-Set;Ladies (<33mm)
ROL-509,web_ready,Rolex/Datejust/Datejust Slate Dial Steel And Everose Gold Diamond Bezel Jubilee,Rolex;Datejust;Unisex;Gray;Rose Gold;Two-Tone;Strap;Diamond Bezel;Date;Diamond-Set;Mid (33-36mm)
ROL-423,web_ready,Rolex/Datejust/Datejust Slate Diamond Dial Steel Fluted White Gold Bezel Jubilee,Rolex;Datejust;Men;Gray;Stainless Steel;Strap;Steel;Fluted Bezel;Date;Diamond-Set;Large (41-43mm)
ROL-579,web_ready,Rolex/Datejust/Datejust Slate Diamond Roman Dial Two-Tone Yellow Gold Fluted Bezel Jubilee,Rolex;Datejust;Men;Gray;Yellow Gold;Two-Tone;Strap;Fluted Bezel;Date;Diamond-Set;Mid (33-36mm)
ROL-159,web_ready,Rolex/Datejust/Datejust Slate Fluted Motif Diamond Dial Steel Everose Gold Fluted Bezel Jubilee,Rolex;Datejust;Men;Gray;Two-Tone;Strap;Steel-Rosegold;Fluted Bezel;Date;Diamond-Set;Mid (33-36mm)
ROL-160,web_ready,Rolex/Datejust/Datejust Slate Roman Dial Steel Diamond Bezel Diamond Oyster,Rolex;Datejust;Men;Gray;Stainless Steel;Strap;Steel;Diamond Bezel;Date;Diamond-Set;Large (41-43mm)
ROL-613,web_ready,Rolex/Datejust/Datejust Slate Roman Dial Two-Tone Everose Fluted Bezel Jubilee,Rolex;Datejust;Men;Gray;Rose Gold;Two-Tone;Strap;Fluted Bezel;Date;Large (41-43mm)
ROL-615,web_ready,Rolex/Datejust/Datejust Slate Roman Wimbledon Dial Steel White Gold Fluted Bezel Jubilee,Rolex;Datejust;Unisex;Gray;White Gold;Two-Tone;Strap;Steel;Fluted Bezel;Date;Ladies (<33mm)
ROL-879,web_ready,Rolex/Datejust/Datejust Slate Steel Fluted Bezel Jubilee,Rolex;Datejust;Men;Gray;Stainless Steel;Strap;Steel;Fluted Bezel;Date;Mid (33-36mm)
ROL-523,web_ready,Rolex/Datejust/Datejust Slate Wimbledon Dial Steel Fluted Bezel Jubilee,Rolex;Datejust;Men;Gray;Stainless Steel;Strap;Steel;Fluted Bezel;Date;Large (41-43mm)
ROL-792,web_ready,Rolex/Datejust/Datejust Slate Wimbledon Dial Two-Tone Everose Steel Fluted Bezel Jubilee,Rolex;Datejust;Men;Gray;Rose Gold;Two-Tone;Bracelet;Fluted Bezel;Date;Large (41-43mm)
ROL-488,web_ready,Rolex/Datejust/Datejust Slate Wimbledon Steel Fluted Bezel Jubilee,Rolex;Datejust;Men;Gray;Stainless Steel;Bracelet;Steel;Fluted Bezel;Date;Large (41-43mm)
ROL-809,web_ready,Rolex/Datejust/Datejust Steel And Yellow Gold Fluted Bezel,Rolex;Datejust;Unisex;?;Yellow Gold;Two-Tone;Strap;Fluted Bezel;Date;Mid (33-36mm)
ROL-573,web_ready,Rolex/Datejust/Datejust Steel Diamond-Set Pave Oyster Bracelet,Rolex;Datejust;Men;?;Stainless Steel;Strap;Steel;Diamond Bezel;Date;Diamond-Set;Large (41-43mm)
ROL-080,web_ready,Rolex/Datejust/Datejust Steel Fluted Bezel Jubilee,Rolex;Datejust;Men;?;Stainless Steel;Strap;Steel;Date;Mid (33-36mm)
ROL-365,web_ready,Rolex/Datejust/Datejust Steel Fluted Bezel Jubilee 2,Rolex;Datejust;Men;?;Stainless Steel;Bracelet;Steel;Fluted Bezel;Date;Large (41-43mm)
ROL-572,web_ready,Rolex/Datejust/Datejust Steel Fluted Bezel Jubilee Caseback,Rolex;Datejust;Men;?;Stainless Steel;Strap;Steel;Fluted Bezel;Date;Large (41-43mm)
ROL-799,web_ready,Rolex/Datejust/Datejust Steel Fluted Bezel Variants Reference Chart,Rolex;Datejust;Men;Various;Stainless Steel;Strap;Steel;Fluted Bezel;Date;Large (41-43mm)
ROL-231,web_ready,Rolex/Datejust/Datejust Steel Fluted White Gold Bezel Jubilee,Rolex;Datejust;Men;?;Stainless Steel;Bracelet;Steel;Fluted Bezel;Date;Large (41-43mm)
ROL-081,web_ready,Rolex/Datejust/Datejust Steel Inner Caseback Steelinox Engraving,Rolex;Datejust;Men;?;Stainless Steel;Strap;Steel;Date
ROL-756,web_ready,Rolex/Datejust/Datejust Sundust Dial Everose Rolesor Fluted Bezel Jubilee,Rolex;Datejust;Men;Sundust;Stainless Steel;Rose Gold;Two-Tone;Strap;Fluted Bezel;Date;Large (41-43mm)
ROL-591,web_ready,Rolex/Datejust/Datejust Sundust Diamond Dial Two-Tone Everose Gold Fluted Bezel Jubilee,Rolex;Datejust;Men;Sundust;Rose Gold;Two-Tone;Strap;Fluted Bezel;Date;Diamond-Set;Large (41-43mm)
ROL-812,web_ready,Rolex/Datejust/Datejust Two-Tone Collection Assortment,Rolex;Datejust;Women;Mixed;Two-Tone;Strap;Steel And Gold;Fluted Bezel;Date;Ladies (<33mm)
ROL-696,web_ready,Rolex/Datejust/Datejust Two-Tone Everose Gold Diamond Bezel Jubilee,Rolex;Datejust;Unisex;?;Rose Gold;Two-Tone;Strap;Diamond Bezel;Date;Diamond-Set;Mid (33-36mm)
ROL-694,web_ready,Rolex/Datejust/Datejust Two-Tone Yellow Gold Jubilee,Rolex;Datejust;Unisex;?;Yellow Gold;Two-Tone;Strap;Date;Ladies (<33mm)
ROL-803,web_ready,Rolex/Datejust/Datejust Two-Tone Yellow Gold Jubilee 2,Rolex;Datejust;Men;?;Yellow Gold;Two-Tone;Bracelet;Date;Large (41-43mm)
ROL-422,web_ready,Rolex/Datejust/Datejust White Mother Of Pearl Diamond Dial Steel And Everose Gold Diamond Bezel Jubilee,Rolex;Datejust;Women;Mother of Pearl;Rose Gold;Two-Tone;Strap;Diamond Bezel;Date;Diamond-Set;Ladies (<33mm)
ROL-580,web_ready,Rolex/Datejust/Datejust White Mother Of Pearl Diamond Dial Steel And Yellow Gold Fluted Bezel Jubilee,Rolex;Datejust;Women;Mother of Pearl;Yellow Gold;Two-Tone;Strap;Fluted Bezel;Date;Diamond-Set;Ladies (<33mm)
ROL-673,web_ready,Rolex/Datejust/Datejust White Mother Of Pearl Diamond Dial Steel And Yellow Gold Fluted Bezel Jubilee 2,Rolex;Datejust;Women;Mother of Pearl;Yellow Gold;Two-Tone;Bracelet;Fluted Bezel;Date;Diamond-Set;Ladies (<33mm)
ROL-619,web_ready,Rolex/Datejust/Datejust White Mother Of Pearl Diamond Dial Steel Diamond Bezel Jubilee,Rolex;Datejust;Unisex;Mother of Pearl;Stainless Steel;Strap;Steel;Diamond Bezel;Date;Diamond-Set;Mid (33-36mm)
ROL-639,web_ready,Rolex/Datejust/Datejust White Mother Of Pearl Diamond Dial Steel Fluted Bezel Jubilee Bracelet,Rolex;Datejust;Unisex;Mother of Pearl;Stainless Steel;Strap;Steel;Fluted Bezel;Date;Diamond-Set;Mid (33-36mm)
ROL-274,web_ready,Rolex/Datejust/Datejust White Mother Of Pearl Diamond Dial Steel White Gold Fluted Bezel Jubilee,Rolex;Datejust;Unisex;Mother of Pearl;Two-Tone;Strap;Steel;Fluted Bezel;Date;Diamond-Set;Mid (33-36mm)
ROL-465,web_ready,Rolex/Datejust/Datejust White Mother Of Pearl Diamond Dial Two Tone Rose Gold Fluted Bezel Jubilee,Rolex;Datejust;Women;Mother of Pearl;Rose Gold;Two-Tone;Strap;Fluted Bezel;Date;Diamond-Set;Ladies (<33mm)
ROL-693,web_ready,Rolex/Datejust/Datejust White Mother Of Pearl Diamond Dial Two Tone Yellow Gold Fluted Bezel Jubilee,Rolex;Datejust;Unisex;Mother of Pearl;Yellow Gold;Two-Tone;Strap;Fluted Bezel;Date;Diamond-Set;Mid (33-36mm)
ROL-765,web_ready,Rolex/Datejust/Datejust White Mother Of Pearl Diamond Two Tone Everose Gold Fluted Bezel Oyster,Rolex;Datejust;Unisex;Mother of Pearl;Rose Gold;Two-Tone;Strap;Fluted Bezel;Date;Diamond-Set;Mid (33-36mm)
ROL-199,web_ready,Rolex/Datejust/Datejust White Mother of Pearl Diamond Dial Steel Diamond Bezel Oyster,Rolex;Datejust;Women;Mother of Pearl;Stainless Steel;Strap;Steel;Diamond Bezel;Date;Diamond-Set;Ladies (<33mm)
ROL-610,web_ready,Rolex/Datejust/Datejust White Roman Dial Steel And Yellow Gold Fluted Bezel Jubilee,Rolex;Datejust;Unisex;White;Yellow Gold;Two-Tone;Strap;Fluted Bezel;Date;Mid (33-36mm)
ROL-660,web_ready,Rolex/Datejust/Datejust White Roman Dial Steel And Yellow Gold Fluted Bezel Jubilee 2,Rolex;Datejust;Women;White;Yellow Gold;Two-Tone;Strap;Fluted Bezel;Date;Ladies (<33mm)
ROL-611,web_ready,Rolex/Datejust/Datejust White Roman Dial Steel Fluted Bezel Jubilee,Rolex;Datejust;Women;White;Stainless Steel;Strap;Steel;Fluted Bezel;Date;Ladies (<33mm)
ROL-112,web_ready,Rolex/Datejust/Datejust White Roman Dial Steel White Gold Fluted Bezel Jubilee,Rolex;Datejust;Men;White;Two-Tone;Strap;Steel;Fluted Bezel;Date;Mid (33-36mm)
ROL-494,web_ready,Rolex/Datejust/Datejust White Roman Dial Two-Tone Steel Yellow Gold Fluted Bezel Jubilee,Rolex;Datejust;Men;White;Yellow Gold;Two-Tone;Bracelet;Fluted Bezel;Date;Mid (33-36mm)
ROL-498,web_ready,Rolex/Datejust/Mixed Submariner And Datejust Bagged Lot,Rolex;Datejust;Men;Mixed;Stainless Steel;Bracelet;Steel;Diver/Sport;Date
ROL-095,web_ready,Rolex/Day-Date/Day-Date 40 Blue Dial White Gold Fluted Bezel President,Rolex;Day-Date;Men;Blue;Whitegold;Strap;Fluted Bezel;Standard (37-40mm)
ROL-035,web_ready,Rolex/Day-Date/Day-Date 40 Blue Dial White Gold Fluted Bezel President Bracelet,Rolex;Day-Date;Men;Blue;White Gold;Bracelet;Fluted Bezel;Standard (37-40mm)
ROL-492,web_ready,Rolex/Day-Date/Day-Date 40 Olive Green Roman Dial Rose Gold Fluted Bezel President,Rolex;Day-Date;Men;Green;Rose Gold;Bracelet;Fluted Bezel;Standard (37-40mm)
ROL-628,web_ready,Rolex/Day-Date/Day-Date Black Dial Rose Gold Leather Strap,Rolex;Day-Date;Men;Black;Rose Gold;Strap;Leather;Fluted Bezel;Mid (33-36mm)
ROL-104,web_ready,Rolex/Day-Date/Day-Date Black Dial Yellow Gold Diamond Markers Fluted President,Rolex;Day-Date;Men;Black;Yellowgold;Strap;Fluted Bezel;Diamond-Set;Standard (37-40mm)
ROL-562,web_ready,Rolex/Day-Date/Day-Date Black Diamond Dial Everose Gold Fluted Bezel President,Rolex;Day-Date;Men;Black;Rose Gold;Strap;Fluted Bezel;Diamond-Set;Standard (37-40mm)
ROL-410,web_ready,Rolex/Day-Date/Day-Date Blue Diamond Dial White Gold Diamond Bezel President,Rolex;Day-Date;Men;Blue;White Gold;Strap;Diamond Bezel;Diamond-Set;Mid (33-36mm)
ROL-455,web_ready,Rolex/Day-Date/Day-Date Brown Diamond Dial Rose Gold Diamond Bezel President,Rolex;Day-Date;Men;Brown;Rose Gold;Strap;Diamond Bezel;Diamond-Set;Standard (37-40mm)
ROL-328,web_ready,Rolex/Day-Date/Day-Date Champagne Baguette Dial Yellow Gold Diamond Bezel President,Rolex;Day-Date;Men;Champagne;Yellow Gold;Strap;Diamond Bezel;Diamond-Set;Standard (37-40mm)
ROL-093,web_ready,Rolex/Day-Date/Day-Date Champagne Dial Yellow Gold Diamond Markers Fluted Bezel President,Rolex;Day-Date;Men;Champagne;Yellowgold;Strap;Fluted Bezel;Diamond-Set;Standard (37-40mm)
ROL-105,web_ready,Rolex/Day-Date/Day-Date Champagne Dial Yellow Gold Fluted,Rolex;Day-Date;Men;Champagne;Yellowgold;Strap;Fluted Bezel;Mid (33-36mm)
ROL-630,web_ready,Rolex/Day-Date/Day-Date Champagne Dial Yellow Gold President,Rolex;Day-Date;Men;Champagne;Yellow Gold;Strap;Standard (37-40mm)
ROL-749,web_ready,Rolex/Day-Date/Day-Date Champagne Diamond Dial Yellow Gold Fluted Bezel President Bracelet,Rolex;Day-Date;Men;Champagne;Yellow Gold;Bracelet;Fluted Bezel;Diamond-Set;Mid (33-36mm)
ROL-867,web_ready,Rolex/Day-Date/Day-Date Chocolate Diamond Dial Everose Gold Diamond Bezel President,Rolex;Day-Date;Men;Brown;Rose Gold;Strap;Diamond Bezel;Diamond-Set;Standard (37-40mm)
ROL-188,web_ready,Rolex/Day-Date/Day-Date Chocolate Diamond Dial Everose Gold Fluted Bezel President,Rolex;Day-Date;Men;Brown;Rose Gold;Bracelet;Everose-Gold;Fluted Bezel;Diamond-Set;Standard (37-40mm)
ROL-493,web_ready,Rolex/Day-Date/Day-Date Chocolate Diamond Dial Everose Gold Fluted Bezel President 2,Rolex;Day-Date;Men;Brown;Rose Gold;Bracelet;Fluted Bezel;Diamond-Set;Standard (37-40mm)
ROL-563,web_ready,Rolex/Day-Date/Day-Date Everose Gold President Bracelet,Rolex;Day-Date;Men;?;Rose Gold;Strap;Fluted Bezel;Standard (37-40mm)
ROL-389,web_ready,Rolex/Day-Date/Day-Date Green Dial White Gold Diamond Bezel President,Rolex;Day-Date;Men;Green;White Gold;Strap;Diamond Bezel;Diamond-Set;Standard (37-40mm)
ROL-083,web_ready,Rolex/Day-Date/Day-Date Green Dial Yellow Gold Fluted Bezel President,Rolex;Day-Date;Men;Green;Yellowgold;Strap;Fluted Bezel;Standard (37-40mm)
ROL-424,web_ready,Rolex/Day-Date/Day-Date Green Diamond Dial Everose Gold Fluted Bezel President 2,Rolex;Day-Date;Men;Green;Rose Gold;Strap;Fluted Bezel;Diamond-Set;Standard (37-40mm)
ROL-327,web_ready,Rolex/Day-Date/Day-Date Green Diamond Dial Yellow Gold Fluted Bezel President,Rolex;Day-Date;Men;Green;Yellow-Gold;Strap;Fluted Bezel;Diamond-Set;Mid (33-36mm)
ROL-540,web_ready,Rolex/Day-Date/Day-Date Ice Blue Diamond Dial White Gold Fluted Bezel President Bracelet,Rolex;Day-Date;Men;Ice Blue;White Gold;Bracelet;Fluted Bezel;Diamond-Set;Mid (33-36mm)
ROL-042,web_ready,Rolex/Day-Date/Day-Date Meteorite Dial Fluted Bezel Diamond Markers President Bracelet,Rolex;Day-Date;Men;Meteorite;White Gold;Bracelet;Fluted Bezel;Diamond-Set;Standard (37-40mm)
ROL-183,web_ready,Rolex/Day-Date/Day-Date Meteorite Diamond Dial White Gold Fluted President,Rolex;Day-Date;Men;Meteorite;Whitegold;Strap;Fluted Bezel;Diamond-Set;Standard (37-40mm)
ROL-420,web_ready,Rolex/Day-Date/Day-Date Meteorite Yellow Gold Diamond Bezel President,Rolex;Day-Date;Men;Meteorite;Yellow Gold;Bracelet;Diamond Bezel;Diamond-Set;Standard (37-40mm)
ROL-514,web_ready,Rolex/Day-Date/Day-Date Mixed Dial Diamond Bezel President,Rolex;Day-Date;Men;Mixed;Bracelet;Diamond-Set;Standard (37-40mm)
ROL-644,web_ready,Rolex/Day-Date/Day-Date Multi Color White Gold Diamond Bezel President,Rolex;Day-Date;Men;Multi;White Gold;Bracelet;Diamond Bezel;Diamond-Set;Standard (37-40mm)
ROL-490,web_ready,Rolex/Day-Date/Day-Date Olive Green Dial Everose Gold Fluted Bezel President,Rolex;Day-Date;Men;Green;Rose Gold;Strap;Fluted Bezel;Standard (37-40mm)
ROL-454,web_ready,Rolex/Day-Date/Day-Date Rhodium Dial White Gold Diamond Bezel President,Rolex;Day-Date;Men;Gray;White Gold;Strap;Diamond Bezel;Diamond-Set;Standard (37-40mm)
ROL-452,web_ready,Rolex/Day-Date/Day-Date Silver Baguette Dial White Gold Diamond Bezel President,Rolex;Day-Date;Men;Silver;White Gold;Strap;Diamond Bezel;Diamond-Set;Standard (37-40mm)
ROL-102,web_ready,Rolex/Day-Date/Day-Date Silver Roman Dial Yellow Gold Fluted President,Rolex;Day-Date;Men;Silver;Yellowgold;Strap;Fluted Bezel;Standard (37-40mm)
ROL-393,web_ready,Rolex/Day-Date/Day-Date Two-Tone Fluted Bezel Jubilee,Rolex;Day-Date;Men;?;Two-Tone;Strap;Steel And Gold;Fluted Bezel;Mid (33-36mm)
ROL-086,web_ready,Rolex/Day-Date/Day-Date White Dial Yellow Gold Fluted Bezel President,Rolex;Day-Date;Men;White;Yellowgold;Strap;Fluted Bezel;Standard (37-40mm)
ROL-773,web_ready,Rolex/Day-Date/Day-Date White Dial Yellow Gold Fluted Bezel President 2,Rolex;Day-Date;Men;White;Yellow Gold;Strap;Fluted Bezel;Standard (37-40mm)
ROL-838,web_ready,Rolex/Day-Date/Day-Date White Gold President Diamond Bezel Trio,Rolex;Day-Date;Men;Multi;White Gold;Strap;Diamond Bezel;Diamond-Set;Standard (37-40mm)
ROL-349,web_ready,Rolex/Day-Date/Day-Date White Mother Of Pearl Diamond Dial White Gold Diamond Bezel President,Rolex;Day-Date;Unisex;Mother of Pearl;White Gold;Strap;Diamond Bezel;Diamond-Set;Mid (33-36mm)
ROL-411,web_ready,Rolex/Day-Date/Day-Date White Roman Dial White Gold Diamond Bezel President,Rolex;Day-Date;Men;White;White Gold;Strap;Diamond Bezel;Diamond-Set;Standard (37-40mm)
ROL-101,web_ready,Rolex/Day-Date/Day-Date Yellow Gold Fluted Bezel President,Rolex;Day-Date;Men;?;Yellowgold;Strap;Fluted Bezel;Standard (37-40mm)
ROL-556,web_ready,Rolex/Day-Date/Day-Date Yellow Gold President Bracelet,Rolex;Day-Date;Men;?;Yellow Gold;Bracelet;Fluted Bezel;Standard (37-40mm)
ROL-289,web_ready,Rolex/Deepsea/Deepsea D-Blue Dial Steel Black Bezel Oyster,Rolex;Deepsea;Men;Black;Stainless Steel;Strap;Steel;Ceramic Bezel;Diver/Sport;Oversized (44mm+)
ROL-681,web_ready,Rolex/Deepsea/Deepsea Sea-Dweller D-Blue Dial Steel,Rolex;Deepsea;Men;Blue;Stainless Steel;Bracelet;Steel;Ceramic Bezel;Diver/Sport;Oversized (44mm+)
ROL-200,web_ready,Rolex/Deepsea/Deepsea Sea-Dweller D-Blue Dial Steel Ceramic Bezel Oyster,Rolex;Deepsea;Men;Blue;Stainless Steel;Strap;Steel;Ceramic Bezel;Diver/Sport;Oversized (44mm+)
ROL-201,web_ready,Rolex/Deepsea/Deepsea Sea-Dweller Steel Oyster Bracelet Clasp,Rolex;Deepsea;Men;?;Stainless Steel;Strap;Steel;Diver/Sport;Oversized (44mm+)
ROL-285,web_ready,Rolex/Deepsea/Sea-Dweller Deepsea D-Blue Dial Steel,Rolex;Deepsea;Men;Black;Stainless Steel;Strap;Steel;Ceramic Bezel;Diver/Sport;Oversized (44mm+)
ROL-496,web_ready,Rolex/Explorer/Explorer Black Dial Steel Oyster Bracelet,Rolex;Explorer;Men;Black;Stainless Steel;Strap;Steel;Smooth Bezel;Mid (33-36mm)
ROL-495,web_ready,Rolex/Explorer/Explorer Black Dial Two-Tone Steel And Yellow Gold Oyster Bracelet,Rolex;Explorer;Men;Black;Yellow Gold;Two-Tone;Strap;Smooth Bezel;Mid (33-36mm)
ROL-400,web_ready,Rolex/Explorer/Explorer Black Dial Two-Tone Yellow Gold Oyster,Rolex;Explorer;Men;Black;Yellow Gold;Two-Tone;Strap;Smooth Bezel;Mid (33-36mm)
ROL-574,web_ready,Rolex/GMT-Master II/DiW GMT-Master II Champagne Dial Carbon Fabric Strap Pair,Rolex;GMT-Master II;Men;Champagne;Carbon;Strap;Fabric;GMT/World Time;Standard (37-40mm)
ROL-425,web_ready,Rolex/GMT-Master II/GMT-Master II Black Dial Everose Gold Root Beer Black Brown Bezel Oyster,Rolex;GMT-Master II;Men;Black;Rose Gold;Strap;Ceramic Bezel;GMT/World Time;Standard (37-40mm)
ROL-100,web_ready,Rolex/GMT-Master II/GMT-Master II Black Dial Steel And Everose Gold Root Beer Bezel Oyster,Rolex;GMT-Master II;Men;Black;Rose Gold;Two-Tone;Strap;Steel-Everosegold;Ceramic Bezel;GMT/World Time;Standard (37-40mm)
ROL-310,web_ready,Rolex/GMT-Master II/GMT-Master II Black Dial Steel Black And Blue Bezel Oyster,Rolex;GMT-Master II;Men;Black;Stainless Steel;Bracelet;Steel;GMT/World Time;Standard (37-40mm)
ROL-899,web_ready,Rolex/GMT-Master II/GMT-Master II Black Dial Steel Green And Black Bezel,Rolex;GMT-Master II;Men;Black;Stainless Steel;Strap;Steel;Ceramic Bezel;GMT/World Time;Standard (37-40mm)
ROL-368,web_ready,Rolex/GMT-Master II/GMT-Master II Black Dial Steel Green And Black Bezel Oyster Bracelet,Rolex;GMT-Master II;Men;Black;Stainless Steel;Bracelet;Steel;GMT/World Time;Standard (37-40mm)
ROL-416,web_ready,Rolex/GMT-Master II/GMT-Master II Black Dial Steel Green Black Bezel Rubber Strap,Rolex;GMT-Master II;Men;Black;Stainless Steel;Strap;Rubber;GMT/World Time;Standard (37-40mm)
ROL-223,web_ready,Rolex/GMT-Master II/GMT-Master II Blue Black Steel Batman Ceramic Bezel Jubilee,Rolex;GMT-Master II;Men;?;Stainless Steel;Strap;Steel;GMT/World Time;Standard (37-40mm)
ROL-259,web_ready,Rolex/GMT-Master II/GMT-Master II Blue Black Steel Batman Ceramic Bezel Jubilee 2,Rolex;GMT-Master II;Men;Blue;Stainless Steel;Strap;Steel;Ceramic Bezel;GMT/World Time;Standard (37-40mm)
ROL-938,web_ready,Rolex/GMT-Master II/GMT-Master II Pave Diamond Dial White Gold Diamond Bezel,Rolex;GMT-Master II;Unisex;Pink;White Gold;Strap;Rubber;Diamond Bezel;GMT/World Time;Diamond-Set;Standard (37-40mm)
ROL-939,web_ready,Rolex/GMT-Master II/GMT-Master II Pave Diamond Dial White Gold Diamond Bezel 2,Rolex;GMT-Master II;Unisex;White;White Gold;Strap;Rubber;Diamond Bezel;GMT/World Time;Diamond-Set;Standard (37-40mm)
ROL-924,web_ready,Rolex/GMT-Master II/GMT-Master II Pave Diamond White Gold Baguette Diamond Bezel,Rolex;GMT-Master II;Men;Diamond Pave;White Gold;Strap;Diamond-Set Gold;Diamond Bezel;GMT/World Time;Diamond-Set;Standard (37-40mm)
ROL-222,web_ready,Rolex/GMT-Master II/GMT-Master II Pepsi Black Dial Steel Blue Red Bezel Jubilee,Rolex;GMT-Master II;Men;Black;Stainless Steel;Strap;Steel;Ceramic Bezel;GMT/World Time;Standard (37-40mm)
ROL-421,web_ready,Rolex/GMT-Master II/GMT-Master II Pepsi Black Dial Steel Blue Red Ceramic Bezel Oyster,Rolex;GMT-Master II;Men;Black;Stainless Steel;Strap;Steel;Ceramic Bezel;GMT/World Time;Standard (37-40mm)
ROL-678,web_ready,Rolex/GMT-Master II/GMT-Master II Root Beer Black Dial Everose Rolesor Brown Black Bezel,Rolex;GMT-Master II;Men;Black;Rose Gold;Two-Tone;Strap;Ceramic Bezel;GMT/World Time;Standard (37-40mm)
ROL-243,web_ready,Rolex/GMT-Master II/GMT-Master II Root Beer Black Dial Rose Gold Brown Black Bezel,Rolex;GMT-Master II;Men;Black;Rosegold;Bracelet;Ceramic Bezel;GMT/World Time;Standard (37-40mm)
ROL-244,web_ready,Rolex/GMT-Master II/GMT-Master II Root Beer Rose Gold Brown Black Bezel Side,Rolex;GMT-Master II;Men;?;Rosegold;Bracelet;Ceramic Bezel;GMT/World Time;Standard (37-40mm)
ROL-394,web_ready,Rolex/GMT-Master II/GMT-Master II Sprite Black Dial Steel Green Black Bezel Oyster,Rolex;GMT-Master II;Men;Black;Stainless Steel;Strap;Steel;Ceramic Bezel;GMT/World Time;Standard (37-40mm)
ROL-602,web_ready,Rolex/GMT-Master II/GMT-Master II Sprite Black Dial Steel Green Black Bezel Oyster 2,Rolex;GMT-Master II;Men;Black;Stainless Steel;Strap;Steel;Ceramic Bezel;GMT/World Time;Standard (37-40mm)
ROL-907,web_ready,Rolex/GMT-Master II/GMT-Master II Steel Green Black Bezel Jubilee,Rolex;GMT-Master II;Men;?;Stainless Steel;Bracelet;Steel;GMT/World Time;Standard (37-40mm)
ROL-460,web_ready,Rolex/GMT-Master II/GMT-Master II Steel Oyster,Rolex;GMT-Master II;Men;?;Stainless Steel;Strap;Steel;GMT/World Time;Standard (37-40mm)
ROL-847,web_ready,Rolex/GMT-Master II/Gmt-Master II Black Dial Everose Gold Gem-Set Bezel Diamond Case President Bracelet,Rolex;GMT-Master II;Men;Black;Rose Gold;Strap;Diamond Bezel;GMT/World Time;Diamond-Set;Standard (37-40mm)
ROL-791,web_ready,Rolex/GMT-Master II/Gmt-Master II Diw Cream Dial Forged Carbon Yellow Gold Bezel Green Strap,Rolex;GMT-Master II;Men;Cream;Carbon;Strap;Fabric;GMT/World Time;Standard (37-40mm)
ROL-554,web_ready,Rolex/GMT-Master II/Gmt-Master II Root Beer Black Dial Two-Tone Steel And Everose Gold Brown And Black Bezel,Rolex;GMT-Master II;Men;Black;Rose Gold;Two-Tone;Strap;Ceramic Bezel;GMT/World Time;Standard (37-40mm)
ROL-584,web_ready,Rolex/GMT-Master II/Gmt-Master II Rose Gold Diamond Gem-Set Bezel Oyster,Rolex;GMT-Master II;Men;Black;Rose Gold;Strap;Diamond Bezel;GMT/World Time;Diamond-Set;Standard (37-40mm)
ROL-544,web_ready,Rolex/GMT-Master II/Gmt-Master II Sprite Black Dial Steel Green Black Bezel Jubilee Bracelet,Rolex;GMT-Master II;Men;Black;Stainless Steel;Strap;Steel;Ceramic Bezel;GMT/World Time;Standard (37-40mm)
ROL-391,web_ready,Rolex/Land-Dweller/Land-Dweller Ice Blue Dial Steel Fluted Bezel Jubilee,Rolex;Land-Dweller;Men;Ice Blue;Stainless Steel;Strap;Steel;Fluted Bezel;Mid (33-36mm)
ROL-392,web_ready,Rolex/Land-Dweller/Land-Dweller Silver Dial Steel Fluted Bezel Jubilee,Rolex;Land-Dweller;Men;Silver;Stainless Steel;Strap;Steel;Fluted Bezel;Mid (33-36mm)
ROL-539,web_ready,Rolex/Land-Dweller/Land-Dweller Silver Honeycomb Dial Steel Fluted Bezel Jubilee,Rolex;Land-Dweller;Men;Silver;Stainless Steel;Bracelet;Steel;Fluted Bezel;Standard (37-40mm)
ROL-730,web_ready,Rolex/Land-Dweller/Land-Dweller Steel Fluted Bezel Jubilee,Rolex;Land-Dweller;Unisex;?;Stainless Steel;Bracelet;Steel;Fluted Bezel;Mid (33-36mm)
ROL-458,web_ready,Rolex/Milgauss/Milgauss Green Dial Stainless Steel Smooth Bezel Oyster,Rolex;Milgauss;Men;Green;Stainless Steel;Bracelet;Steel;Smooth Bezel;Standard (37-40mm)
ROL-332,web_ready,Rolex/Milgauss/Milgauss Green Dial Steel Smooth Bezel Oyster,Rolex;Milgauss;Men;Green;Stainless Steel;Strap;Steel;Smooth Bezel;Standard (37-40mm)
ROL-796,web_ready,Rolex/Milgauss/Milgauss Z-Blue Dial Steel Smooth Bezel Oyster,Rolex;Milgauss;Men;Blue;Stainless Steel;Bracelet;Steel;Smooth Bezel;Standard (37-40mm)
ROL-212,web_ready,Rolex/Milgauss/Milgauss Z-Blue Steel Green Sapphire Smooth Bezel Oyster,Rolex;Milgauss;Men;Blue;Stainless Steel;Strap;Steel;Smooth Bezel;Standard (37-40mm)
ROL-260,web_ready,Rolex/Milgauss/Milgauss Z-Blue Steel Green Sapphire Smooth Bezel Oyster 2,Rolex;Milgauss;Men;?;Stainless Steel;Strap;Steel;Smooth Bezel;Standard (37-40mm)
ROL-772,web_ready,Rolex/Oyster Perpetual/Oyster Perpetual Blue Dial Steel Smooth Bezel Oyster,Rolex;Oyster Perpetual;Men;Blue;Stainless Steel;Strap;Steel;Smooth Bezel;Large (41-43mm)
ROL-247,web_ready,Rolex/Oyster Perpetual/Oyster Perpetual Green Dial Steel Oyster,Rolex;Oyster Perpetual;Unisex;Green;Stainless Steel;Strap;Steel;Smooth Bezel;Mid (33-36mm)
ROL-402,web_ready,Rolex/Oyster Perpetual/Oyster Perpetual Pink Dial Steel Smooth Bezel,Rolex;Oyster Perpetual;Unisex;Pink;Stainless Steel;Strap;Steel;Smooth Bezel;Mid (33-36mm)
ROL-380,web_ready,Rolex/Oyster Perpetual/Oyster Perpetual Steel Smooth Bezel Oyster Variants Poster,Rolex;Oyster Perpetual;Unisex;?;Stainless Steel;Strap;Steel;Smooth Bezel;Large (41-43mm)
ROL-443,web_ready,Rolex/Oyster Perpetual/Oyster Perpetual Turquoise Blue Steel Oyster,Rolex;Oyster Perpetual;Men;Turquoise;Stainless Steel;Strap;Steel;Smooth Bezel;Large (41-43mm)
ROL-710,web_ready,Rolex/Oyster Perpetual/Oyster Perpetual Turquoise Dial Steel Smooth Bezel Jubilee,Rolex;Oyster Perpetual;Unisex;Turquoise;Stainless Steel;Bracelet;Steel;Smooth Bezel;Large (41-43mm)
ROL-396,web_ready,Rolex/Oyster Perpetual/Oyster Perpetual Turquoise Dial Steel Smooth Bezel Oyster,Rolex;Oyster Perpetual;Unisex;Turquoise;Stainless Steel;Strap;Steel;Smooth Bezel;Large (41-43mm)
ROL-245,web_ready,Rolex/Oyster Perpetual/Oyster Perpetual Yellow Dial Steel Oyster,Rolex;Oyster Perpetual;Unisex;Yellow;Stainless Steel;Strap;Steel;Smooth Bezel;Mid (33-36mm)
ROL-732,web_ready,Rolex/Sea-Dweller/Sea-Dweller Black Dial Steel Black Ceramic Bezel Oyster,Rolex;Sea-Dweller;Men;Black;Stainless Steel;Strap;Steel;Ceramic Bezel;Diver/Sport;Large (41-43mm)
ROL-135,web_ready,Rolex/Sea-Dweller/Sea-Dweller Deepsea D-Blue Dial Steel 2,Rolex;Sea-Dweller;Men;?;Stainless Steel;Bracelet;Steel;Diver/Sport;Oversized (44mm+)
ROL-566,web_ready,Rolex/Sky-Dweller/Sky-Dweller Black Dial Steel White Gold Fluted Bezel,Rolex;Sky-Dweller;Men;Black;Stainless Steel;Bracelet;Steel;Fluted Bezel;GMT/World Time;Large (41-43mm)
ROL-637,web_ready,Rolex/Sky-Dweller/Sky-Dweller Black Dial Steel White Gold Fluted Bezel Jubilee,Rolex;Sky-Dweller;Men;Black;Stainless Steel;Bracelet;Steel;Fluted Bezel;GMT/World Time;Large (41-43mm)
ROL-462,web_ready,Rolex/Sky-Dweller/Sky-Dweller Black Dial Yellow Gold Fluted Bezel Oysterflex,Rolex;Sky-Dweller;Men;Black;Yellow Gold;Strap;Rubber;Fluted Bezel;GMT/World Time;Large (41-43mm)
ROL-868,web_ready,Rolex/Sky-Dweller/Sky-Dweller Blue Dial Steel White Gold Fluted Bezel Jubilee,Rolex;Sky-Dweller;Men;Blue;Stainless Steel;Bracelet;Steel;Fluted Bezel;GMT/World Time;Large (41-43mm)
ROL-904,web_ready,Rolex/Sky-Dweller/Sky-Dweller Blue Dial White Gold Fluted Bezel Jubilee,Rolex;Sky-Dweller;Men;Blue;Stainless Steel;Strap;Steel;Fluted Bezel;GMT/World Time;Large (41-43mm)
ROL-636,web_ready,Rolex/Sky-Dweller/Sky-Dweller Champagne Dial Two-Tone Fluted Bezel Jubilee,Rolex;Sky-Dweller;Men;Champagne;Yellow Gold;Two-Tone;Bracelet;Fluted Bezel;GMT/World Time;Large (41-43mm)
ROL-464,web_ready,Rolex/Sky-Dweller/Sky-Dweller Champagne Dial Yellow Gold Fluted Bezel Oysterflex,Rolex;Sky-Dweller;Men;Champagne;Yellow Gold;Strap;Rubber;Fluted Bezel;GMT/World Time;Large (41-43mm)
ROL-635,web_ready,Rolex/Sky-Dweller/Sky-Dweller Champagne Dial Yellow Gold Fluted Bezel Oysterflex 2,Rolex;Sky-Dweller;Men;Champagne;Yellow Gold;Strap;Rubber;Fluted Bezel;GMT/World Time;Large (41-43mm)
ROL-716,web_ready,Rolex/Sky-Dweller/Sky-Dweller Chocolate Dial Rose Gold Fluted Bezel Oysterflex,Rolex;Sky-Dweller;Men;Brown;Rose Gold;Strap;Rubber;Fluted Bezel;GMT/World Time;Large (41-43mm)
ROL-461,web_ready,Rolex/Sky-Dweller/Sky-Dweller Everose Gold Fluted Bezel Oysterflex,Rolex;Sky-Dweller;Men;?;Rose Gold;Strap;Rubber;Fluted Bezel;GMT/World Time;Large (41-43mm)
ROL-709,web_ready,Rolex/Sky-Dweller/Sky-Dweller Silver Dial Steel Fluted Bezel Jubilee,Rolex;Sky-Dweller;Men;Silver;Stainless Steel;Bracelet;Steel;Fluted Bezel;GMT/World Time;Large (41-43mm)
ROL-905,web_ready,Rolex/Sky-Dweller/Sky-Dweller Steel Fluted Bezel Jubilee Caseback,Rolex;Sky-Dweller;Men;?;Stainless Steel;Strap;Steel;Fluted Bezel;GMT/World Time;Large (41-43mm)
ROL-869,web_ready,Rolex/Sky-Dweller/Sky-Dweller Steel White Gold Fluted Bezel Jubilee,Rolex;Sky-Dweller;Men;?;Stainless Steel;Bracelet;Steel;Fluted Bezel;GMT/World Time;Large (41-43mm)
ROL-870,web_ready,Rolex/Sky-Dweller/Sky-Dweller White Dial Steel White Gold Fluted Bezel Jubilee,Rolex;Sky-Dweller;Men;White;Stainless Steel;Bracelet;Steel;Fluted Bezel;GMT/World Time;Large (41-43mm)
ROL-186,web_ready,Rolex/Submariner/Submariner Black Dial Steel Ceramic Bezel,Rolex;Submariner;Men;Black;Stainless Steel;Strap;?;Ceramic Bezel;Diver/Sport;Large (41-43mm)
ROL-194,web_ready,Rolex/Submariner/Submariner Black Dial Steel Diamond Set Black Baguette Bezel,Rolex;Submariner;Men;Black;Stainless Steel;Strap;Steel;Diamond Bezel;Diver/Sport;Diamond-Set;Standard (37-40mm)
ROL-457,web_ready,Rolex/Submariner/Submariner Black Dial Two-Tone Steel And Gold Oyster,Rolex;Submariner;Men;Black;Yellow Gold;Two-Tone;Bracelet;Diver/Sport;Standard (37-40mm)
ROL-192,web_ready,Rolex/Submariner/Submariner Black Dial Yellow Gold Black Ceramic Bezel Oyster,Rolex;Submariner;Men;Black;Yellowgold;Strap;Ceramic Bezel;Diver/Sport;Large (41-43mm)
ROL-534,web_ready,Rolex/Submariner/Submariner Blue Dial Diamond-Set Steel Blue Gem Bezel,Rolex;Submariner;Men;Blue;Stainless Steel;Strap;Diamond-Set Steel;Diamond Bezel;Diver/Sport;Diamond-Set;Standard (37-40mm)
ROL-193,web_ready,Rolex/Submariner/Submariner Blue Dial Yellow Gold Blue Ceramic Bezel Oyster,Rolex;Submariner;Men;Blue;Yellowgold;Strap;Ceramic Bezel;Diver/Sport;Large (41-43mm)
ROL-576,web_ready,Rolex/Submariner/Submariner Date Black Dial Steel And Yellow Gold Black Ceramic Bezel Oyster,Rolex;Submariner;Men;Black;Yellow Gold;Two-Tone;Strap;Ceramic Bezel;Diver/Sport;Date;Standard (37-40mm)
ROL-418,web_ready,Rolex/Submariner/Submariner Date Black Dial Steel Black Ceramic Bezel Oyster Bracelet,Rolex;Submariner;Men;Black;Stainless Steel;Bracelet;Steel;Ceramic Bezel;Diver/Sport;Date;Large (41-43mm)
ROL-535,web_ready,Rolex/Submariner/Submariner Date Black Dial Steel Green Ceramic Bezel Oyster,Rolex;Submariner;Men;Black;Stainless Steel;Strap;Steel;Ceramic Bezel;Diver/Sport;Date;Large (41-43mm)
ROL-545,web_ready,Rolex/Submariner/Submariner Date Black Dial White Gold Blue Ceramic Bezel Oyster,Rolex;Submariner;Men;Black;White Gold;Strap;Ceramic Bezel;Diver/Sport;Date;Large (41-43mm)
ROL-311,web_ready,Rolex/Submariner/Submariner Date Black Dial Yellow Gold Black Bezel Oyster,Rolex;Submariner;Men;Black;Yellowgold;Bracelet;Ceramic Bezel;Diver/Sport;Date;Large (41-43mm)
ROL-094,web_ready,Rolex/Submariner/Submariner Date Black Steel And Yellow Gold Ceramic Bezel,Rolex;Submariner;Men;Black;Two-Tone;Strap;Steel-Yellowgold;Ceramic Bezel;Diver/Sport;Date;Large (41-43mm)
ROL-577,web_ready,Rolex/Submariner/Submariner Date Blue Dial Steel and Yellow Gold Blue Bezel Oyster,Rolex;Submariner;Men;Blue;Yellow Gold;Two-Tone;Strap;Ceramic Bezel;Diver/Sport;Date;Standard (37-40mm)
ROL-078,web_ready,Rolex/Submariner/Submariner Date Blue Dial Two-Tone Steel Yellow Gold Blue Ceramic Bezel Oyster,Rolex;Submariner;Men;Blue;Two-Tone;Strap;Steel-Yellowgold;Ceramic Bezel;Diver/Sport;Date;Large (41-43mm)
ROL-513,web_ready,Rolex/Submariner/Submariner Date Hulk Green Dial Steel Green Ceramic Bezel Oyster Bracelet,Rolex;Submariner;Men;Green;Stainless Steel;Bracelet;Steel;Ceramic Bezel;Diver/Sport;Date;Standard (37-40mm)
ROL-517,web_ready,Rolex/Submariner/Submariner Date Steel Black Ceramic Bezel Oyster Bracelet,Rolex;Submariner;Men;?;Stainless Steel;Bracelet;Steel;Ceramic Bezel;Diver/Sport;Date;Large (41-43mm)
ROL-185,web_ready,Rolex/Submariner/Submariner Date Steel Caliber 3235 Movement,Rolex;Submariner;Men;?;Stainless Steel;Bracelet;Steel;Diver/Sport;Date;Large (41-43mm)
ROL-536,web_ready,Rolex/Submariner/Submariner Diamond-Set Steel Oyster Clasp,Rolex;Submariner;Men;?;Stainless Steel;Strap;Diamond-Set Steel;Diver/Sport;Diamond-Set;Standard (37-40mm)
ROL-533,web_ready,Rolex/Submariner/Submariner Green Dial Diamond-Set Steel Green Gem Bezel,Rolex;Submariner;Men;Green;Stainless Steel;Strap;Diamond-Set Steel;Diamond Bezel;Diver/Sport;Diamond-Set;Standard (37-40mm)
ROL-515,web_ready,Rolex/Submariner/Submariner Green Dial Steel Diamond Bezel Green Rubber Strap,Rolex;Submariner;Men;Green;Stainless Steel;Strap;Rubber;Diamond Bezel;Diver/Sport;Diamond-Set;Standard (37-40mm)
ROL-219,web_ready,Rolex/Submariner/Submariner Green Dial Steel Diamond Set Green Baguette Bezel,Rolex;Submariner;Men;Green;Stainless Steel;Strap;Steel;Diver/Sport;Diamond-Set;Standard (37-40mm)
ROL-654,web_ready,Rolex/Submariner/Submariner Green Dial Yellow Gold Green Baguette Bezel Diamond Set Bracelet,Rolex;Submariner;Men;Green;Yellow Gold;Strap;Diamond Bezel;Diver/Sport;Diamond-Set;Standard (37-40mm)
ROL-419,web_ready,Rolex/Submariner/Submariner Multicolor Phantomlab Transparent Custom,Rolex;Submariner;Men;Multicolor;Sapphire;Strap;Rubber;Diver/Sport;Standard (37-40mm)
ROL-184,web_ready,Rolex/Submariner/Submariner No-Date Black Dial Steel Ceramic Bezel Oyster,Rolex;Submariner;Men;Black;Stainless Steel;Bracelet;Steel;Ceramic Bezel;Diver/Sport;Date;Standard (37-40mm)
ROL-718,web_ready,Rolex/Submariner/Submariner Skeleton Black Dlc Carbon Bezel,Rolex;Submariner;Men;Dlc Steel;Bracelet;Diver/Sport;Skeleton;Standard (37-40mm)
ROL-874,web_ready,Rolex/Submariner/Submariner Skeleton Dial Steel Forged Carbon Bezel,Rolex;Submariner;Men;Stainless Steel;Bracelet;Steel;Diver/Sport;Skeleton;Standard (37-40mm)
ROL-786,web_ready,Rolex/Submariner/Submariner Skeleton Steel Green Bezel,Rolex;Submariner;Men;Stainless Steel;Strap;Rubber;Diver/Sport;Skeleton;Standard (37-40mm)
ROL-719,web_ready,Rolex/Submariner/Submariner Skeleton Yellow Gold Carbon Bezel,Rolex;Submariner;Men;Yellow Gold;Bracelet;Diver/Sport;Skeleton;Standard (37-40mm)
ROL-205,web_ready,Rolex/Submariner/Submariner Steel Ceramic Bezel Oyster Variants Poster,Rolex;Submariner;Men;?;Stainless Steel;Strap;Steel;Ceramic Bezel;Diver/Sport;Standard (37-40mm)
ROL-795,web_ready,Rolex/Submariner/Submariner Two-Tone Steel And Yellow Gold Oyster,Rolex;Submariner;Men;?;Yellow Gold;Two-Tone;Bracelet;Diver/Sport;Standard (37-40mm)
ROL-474,web_ready,Rolex/Yacht-Master/Yacht-Master 42 Black Dial White Gold Black Ceramic Bezel Oysterflex,Rolex;Yacht-Master;Men;Black;White Gold;Strap;Rubber;Ceramic Bezel;Diver/Sport;Large (41-43mm)
ROL-314,web_ready,Rolex/Yacht-Master/Yacht-Master Black Dial Everose Gold Ceramic Bezel Oysterflex,Rolex;Yacht-Master;Men;Black;Rose Gold;Strap;Rubber;Ceramic Bezel;Diver/Sport;Standard (37-40mm)
ROL-884,web_ready,Rolex/Yacht-Master/Yacht-Master Black Dial Steel Black Ceramic Bezel Oyster,Rolex;Yacht-Master;Men;Black;Stainless Steel;Strap;Steel;Ceramic Bezel;Diver/Sport;Standard (37-40mm)
ROL-445,web_ready,Rolex/Yacht-Master/Yacht-Master Black Dial Steel Ceramic Bezel Rubber Strap,Rolex;Yacht-Master;Men;Black;Stainless Steel;Strap;Rubber;Ceramic Bezel;Diver/Sport;Large (41-43mm)
ROL-390,web_ready,Rolex/Yacht-Master/Yacht-Master Black Dial Steel Platinum Bezel Oyster,Rolex;Yacht-Master;Men;Black;Stainless Steel;Strap;Steel;Diver/Sport;Standard (37-40mm)
ROL-415,web_ready,Rolex/Yacht-Master/Yacht-Master Black Dial Steel Platinum Bezel Oysterflex,Rolex;Yacht-Master;Men;Black;Stainless Steel;Strap;Rubber;Diver/Sport;Large (41-43mm)
ROL-151,web_ready,Rolex/Yacht-Master/Yacht-Master Black Dial Titanium Black Ceramic Bezel Oyster,Rolex;Yacht-Master;Men;Black;Titanium;Strap;Ceramic Bezel;Diver/Sport;Large (41-43mm)
ROL-715,web_ready,Rolex/Yacht-Master/Yacht-Master Black Dial White Gold Ceramic Bezel Oysterflex,Rolex;Yacht-Master;Men;Black;White Gold;Strap;Rubber;Ceramic Bezel;Diver/Sport;Large (41-43mm)
ROL-677,web_ready,Rolex/Yacht-Master/Yacht-Master Black Dial Yellow Gold Black Bezel Oysterflex 2,Rolex;Yacht-Master;Men;Black;Yellow Gold;Strap;Rubber;Ceramic Bezel;Diver/Sport;Large (41-43mm)
ROL-529,web_ready,Rolex/Yacht-Master/Yacht-Master Blue Dial Steel Platinum Bezel Oyster,Rolex;Yacht-Master;Men;Blue;Stainless Steel;Strap;Steel;Diver/Sport;Standard (37-40mm)
ROL-691,web_ready,Rolex/Yacht-Master/Yacht-Master Blue Dial Steel Platinum Bezel Oyster 2,Rolex;Yacht-Master;Men;Blue;Stainless Steel;Strap;Steel;Diver/Sport;Standard (37-40mm)
ROL-315,web_ready,Rolex/Yacht-Master/Yacht-Master Everose Gold Black Bezel Oysterflex,Rolex;Yacht-Master;Men;?;Rose Gold;Strap;Rubber;Ceramic Bezel;Diver/Sport;Standard (37-40mm)
ROL-818,web_ready,Rolex/Yacht-Master/Yacht-Master Meteorite Dial Sapphire Crystal Case White Rubber Strap,Rolex;Yacht-Master;Men;Meteorite;Sapphire Crystal;Strap;Rubber;Diver/Sport;Standard (37-40mm)
ROL-281,web_ready,Rolex/Yacht-Master/Yacht-Master Rhodium Dial Rolesium Platinum Bezel,Rolex;Yacht-Master;Men;Rhodium;Platinum;Strap;Steel;Diver/Sport;Standard (37-40mm)
ROL-652,web_ready,Rolex/Yacht-Master/Yacht-Master Rhodium Dial Steel Platinum Bezel Oyster,Rolex;Yacht-Master;Men;Rhodium;Stainless Steel;Strap;Steel;Diver/Sport;Standard (37-40mm)
ROL-564,web_ready,Rolex/Yacht-Master/Yacht-Master Slate Dial Everose Gold Black Ceramic Bezel,Rolex;Yacht-Master;Men;Gray;Rose Gold;Strap;Rubber;Ceramic Bezel;Diver/Sport;Standard (37-40mm)
ROL-873,web_ready,Rolex/Yacht-Master/Yacht-Master Slate Dial Steel Platinum Bezel Oyster,Rolex;Yacht-Master;Men;Gray;Stainless Steel;Strap;Steel;Diver/Sport;Standard (37-40mm)
ROL-283,web_ready,Rolex/Yacht-Master/Yacht-Master Steel Platinum Bezel Oyster Variants Poster,Rolex;Yacht-Master;Men;?;Stainless Steel;Strap;Steel;Diver/Sport;Standard (37-40mm)
ROL-342,web_ready,Rolex/Yacht-Master/Yacht-Master White Gold Oysterflex,Rolex;Yacht-Master;Men;?;White-Gold;Strap;Rubber;Diver/Sport;Large (41-43mm)
AP-001,need_photos,NeedMorePhotos/Audemars Piguet/Code 11.59/Code 11.59 Blue Dial Rose Gold Blue Leather Strap,Audemars Piguet;Code 11.59;Men;Blue;Rose Gold;Strap;Leather;Ceramic Bezel;Large (41-43mm)
AP-002,need_photos,NeedMorePhotos/Audemars Piguet/Royal Oak/Royal Oak Black Dial Steel Bracelet,Audemars Piguet;Royal Oak;Men;Black;Stainless Steel;Bracelet;Steel;Octagonal Bezel;Large (41-43mm)
AP-003,need_photos,NeedMorePhotos/Audemars Piguet/Royal Oak/Royal Oak Blue Dial Steel Bracelet,Audemars Piguet;Royal Oak;Men;Blue;Stainless Steel;Bracelet;Steel;Octagonal Bezel;Large (41-43mm)
AP-004,need_photos,NeedMorePhotos/Audemars Piguet/Royal Oak/Royal Oak Blue Dial Steel Diamond Bezel,Audemars Piguet;Royal Oak;Women;Blue;Stainless Steel;Bracelet;Steel;Diamond Bezel;Diamond-Set;Mid (33-36mm)
AP-005,need_photos,NeedMorePhotos/Audemars Piguet/Royal Oak/Royal Oak Blue Dial Steel Smooth Bezel,Audemars Piguet;Royal Oak;Men;Blue;Stainless Steel;Bracelet;Steel;Large (41-43mm)
AP-008,need_photos,NeedMorePhotos/Audemars Piguet/Royal Oak/Royal Oak Frosted Rose Gold Pink Dial,Audemars Piguet;Royal Oak;Women;Pink;Rose Gold;Bracelet;Octagonal Bezel;Mid (33-36mm)
AP-009,need_photos,NeedMorePhotos/Audemars Piguet/Royal Oak/Royal Oak Frosted White Gold Silver Dial,Audemars Piguet;Royal Oak;Women;Silver;White Gold;Bracelet;Octagonal Bezel;Mid (33-36mm)
AP-010,need_photos,NeedMorePhotos/Audemars Piguet/Royal Oak/Royal Oak Frosted Yellow Gold Champagne Dial,Audemars Piguet;Royal Oak;Women;Gold;Yellow Gold;Bracelet;Octagonal Bezel;Mid (33-36mm)
AP-011,need_photos,NeedMorePhotos/Audemars Piguet/Royal Oak/Royal Oak Green Dial Yellow Gold Bracelet,Audemars Piguet;Royal Oak;Men;Green;Yellow Gold;Bracelet;Octagonal Bezel;Large (41-43mm)
AP-012,need_photos,NeedMorePhotos/Audemars Piguet/Royal Oak/Royal Oak White Dial Steel Diamond Bezel,Audemars Piguet;Royal Oak;Women;White;Stainless Steel;Bracelet;Steel;Diamond Bezel;Diamond-Set;Mid (33-36mm)
BRT-001,need_photos,NeedMorePhotos/Breitling/Navitimer/Navitimer B01 Chronograph Black Dial Steel Bracelet,Breitling;Navitimer;Men;Black;Stainless Steel;Bracelet;Steel;Chronograph;Large (41-43mm)
